VendorID,lpep_pickup_datetime,lpep_dropoff_datetime,store_and_fwd_flag,RatecodeID,PULocationID,DOLocationID,passenger_count,trip_distance,fare_amount,extra,mta_tax,tip_amount,tolls_amount,ehail_fee,improvement_surcharge,total_amount,payment_type,trip_type,congestion_surcharge,source_file
2,2017-05-18 16:55:43,2017-05-18 18:04:11,N,2,130,48,2,12.43,52.0,4.5,0.5,0.0,33.0,,0.3,90.3,2,1,,green_tripdata_2017-05.parquet
2,2017-07-21 17:50:23,2017-07-21 17:50:51,N,2,193,193,5,0.0,52.0,4.5,0.5,0.0,0.72,,0.3,58.02,2,1,,green_tripdata_2017-07.parquet
1,2017-12-01 18:55:10,2017-12-01 19:39:05,N,2,41,132,2,16.9,52.0,4.5,0.5,0.0,17.16,,0.3,74.46,2,1,,green_tripdata_2017-12.parquet
1,2017-06-23 12:34:57,2017-06-23 13:42:08,N,3,65,1,4,14.8,73.0,1.0,0.0,0.0,10.5,,0.3,84.8,2,1,,green_tripdata_2017-06.parquet
2,2017-03-03 17:26:03,2017-03-03 18:47:43,N,3,49,1,5,16.07,81.5,1.0,0.0,0.0,12.5,,0.3,95.3,2,1,,green_tripdata_2017-03.parquet
2,2017-05-15 16:15:15,2017-05-15 18:14:12,N,3,75,1,2,20.13,105.0,1.0,0.0,0.0,12.5,,0.3,118.8,1,1,,green_tripdata_2017-05.parquet
2,2017-02-03 16:16:24,2017-02-03 17:27:53,N,3,43,1,6,20.39,87.0,1.0,0.0,0.0,12.5,,0.3,100.8,2,1,,green_tripdata_2017-02.parquet
1,2017-10-02 15:58:02,2017-10-02 16:47:47,N,3,33,1,2,14.9,65.5,1.0,0.0,0.0,12.5,,0.3,79.3,2,1,,green_tripdata_2017-10.parquet
2,2017-10-16 16:59:31,2017-10-16 17:41:09,N,3,244,1,4,22.5,77.0,1.0,0.0,0.0,12.5,,0.3,90.8,2,1,,green_tripdata_2017-10.parquet
2,2017-07-18 16:19:02,2017-07-18 17:22:36,N,3,74,1,5,27.3,96.0,1.0,0.0,0.0,12.5,,0.3,109.8,1,1,,green_tripdata_2017-07.parquet
1,2017-12-13 16:11:54,2017-12-13 17:29:00,N,3,80,1,2,18.0,80.0,1.0,0.0,0.0,12.5,,0.3,93.8,2,1,,green_tripdata_2017-12.parquet
1,2017-12-18 15:56:08,2017-12-18 17:01:36,N,3,236,1,2,28.1,98.5,1.0,0.0,0.0,12.5,,0.3,112.3,1,1,,green_tripdata_2017-12.parquet
1,2017-09-22 16:11:47,2017-09-22 17:44:31,N,3,33,1,2,15.0,85.5,1.0,0.0,0.0,12.5,,0.3,99.3,2,1,,green_tripdata_2017-09.parquet
1,2017-11-20 16:38:43,2017-11-20 17:41:38,N,3,33,1,4,15.4,72.0,1.0,0.0,0.0,12.5,,0.3,85.8,2,1,,green_tripdata_2017-11.parquet
2,2017-03-30 15:00:56,2017-03-30 15:43:21,N,3,33,1,3,23.64,80.0,1.0,0.0,0.0,27.02,,0.3,108.32,2,1,,green_tripdata_2017-03.parquet
2,2017-04-28 16:30:06,2017-04-28 17:59:28,N,3,41,1,6,26.5,99.0,1.0,0.0,0.0,18.2,,0.3,118.5,2,1,,green_tripdata_2017-04.parquet
1,2017-01-17 16:16:00,2017-01-17 17:40:20,N,3,145,1,4,17.8,82.5,1.0,0.0,0.0,18.04,,0.3,101.84,2,1,,green_tripdata_2017-01.parquet
2,2017-02-23 18:03:11,2017-02-23 18:44:52,N,3,181,1,5,22.85,78.5,1.0,0.0,0.0,23.58,,0.3,103.38,2,1,,green_tripdata_2017-02.parquet
2,2017-02-08 17:33:41,2017-02-08 18:43:29,N,3,75,1,2,21.5,83.5,1.0,0.0,0.0,19.5,,0.3,104.3,1,1,,green_tripdata_2017-02.parquet
2,2017-05-08 17:30:35,2017-05-08 17:52:52,N,4,244,265,5,4.72,27.5,1.0,0.0,0.0,12.5,,0.0,41.0,2,2,,green_tripdata_2017-05.parquet
2,2017-02-08 17:25:11,2017-02-08 17:39:16,N,3,244,265,5,5.28,34.5,1.0,0.0,0.0,12.5,,0.3,48.3,2,1,,green_tripdata_2017-02.parquet
1,2017-02-13 19:05:15,2017-02-13 20:42:12,N,3,25,165,2,13.7,81.5,1.0,0.0,0.0,10.5,,0.3,93.3,1,1,,green_tripdata_2017-02.parquet
2,2017-12-22 17:07:46,2017-12-22 17:43:40,N,3,42,265,2,13.78,57.5,1.0,0.0,0.0,12.5,,0.3,71.3,1,1,,green_tripdata_2017-12.parquet
2,2017-09-19 16:56:59,2017-09-19 17:15:54,N,3,193,193,5,0.0,27.5,1.0,0.0,0.0,24.02,,0.3,52.82,2,1,,green_tripdata_2017-09.parquet
2,2017-01-23 18:01:47,2017-01-23 18:26:22,N,4,244,265,2,7.64,27.5,1.0,0.5,0.0,2.54,,0.3,31.84,2,1,,green_tripdata_2017-01.parquet
2,2017-02-03 19:49:15,2017-02-03 20:30:29,N,4,106,265,5,7.69,37.0,1.0,0.5,0.0,10.5,,0.3,49.3,2,1,,green_tripdata_2017-02.parquet
2,2017-02-27 17:30:12,2017-02-27 17:51:14,N,4,244,265,2,7.36,26.0,1.0,0.5,0.0,2.54,,0.3,30.34,1,1,,green_tripdata_2017-02.parquet
2,2017-10-02 18:55:57,2017-10-02 19:16:41,N,4,244,265,3,7.3,44.5,1.0,0.5,0.0,12.5,,0.3,58.8,2,1,,green_tripdata_2017-10.parquet
2,2017-10-02 19:00:54,2017-10-02 19:53:46,N,4,256,265,2,8.92,42.0,1.0,0.5,0.0,12.5,,0.3,56.3,1,1,,green_tripdata_2017-10.parquet
2,2017-10-31 16:54:49,2017-10-31 19:49:21,N,4,72,62,3,27.17,189.5,1.0,0.5,0.0,12.5,,0.3,207.7,2,1,,green_tripdata_2017-10.parquet
2,2017-07-28 17:35:50,2017-07-28 18:22:46,N,4,75,265,3,14.49,65.5,1.0,0.5,0.0,12.5,,0.3,79.8,2,1,,green_tripdata_2017-07.parquet
2,2017-12-05 19:53:27,2017-12-05 20:20:33,N,4,159,265,2,9.79,39.5,1.0,0.5,0.0,10.5,,0.3,51.8,2,1,,green_tripdata_2017-12.parquet
2,2017-04-11 16:31:31,2017-04-11 17:19:44,N,1,67,201,2,15.51,46.5,1.0,0.5,0.0,2.16,,0.3,50.46,2,1,,green_tripdata_2017-04.parquet
2,2017-05-10 16:50:01,2017-05-10 18:02:29,N,1,93,201,2,19.46,63.0,1.0,0.5,0.0,2.16,,0.3,66.96,2,1,,green_tripdata_2017-05.parquet
1,2017-10-23 18:45:25,2017-10-23 20:14:29,N,1,25,201,2,27.0,85.0,1.0,0.5,0.0,2.16,,0.3,88.96,2,1,,green_tripdata_2017-10.parquet
2,2017-10-03 17:38:58,2017-10-03 18:02:32,N,1,210,201,5,7.32,23.5,1.0,0.5,0.0,2.16,,0.3,27.46,2,1,,green_tripdata_2017-10.parquet
2,2017-07-12 19:29:20,2017-07-12 19:48:25,N,1,210,201,5,8.31,25.5,1.0,0.5,0.0,2.16,,0.3,29.46,2,1,,green_tripdata_2017-07.parquet
2,2017-07-13 17:25:09,2017-07-13 18:18:14,N,1,196,201,6,14.0,45.5,1.0,0.5,0.0,2.16,,0.3,49.46,2,1,,green_tripdata_2017-07.parquet
2,2017-07-21 16:39:20,2017-07-21 17:39:45,N,1,82,201,3,12.78,47.5,1.0,0.5,0.0,2.16,,0.3,51.46,2,1,,green_tripdata_2017-07.parquet
2,2017-09-21 18:04:29,2017-09-21 18:21:13,N,1,210,201,5,7.25,22.5,1.0,0.5,0.0,2.16,,0.3,26.46,2,1,,green_tripdata_2017-09.parquet
2,2017-01-03 18:57:43,2017-01-03 19:45:58,N,1,65,201,2,23.77,64.0,1.0,0.5,0.0,2.08,,0.3,67.88,2,1,,green_tripdata_2017-01.parquet
2,2017-10-06 19:00:31,2017-10-06 19:21:37,N,1,210,201,2,6.83,21.5,1.0,0.5,0.0,4.32,,0.3,27.62,2,1,,green_tripdata_2017-10.parquet
2,2017-10-17 18:41:30,2017-10-17 19:54:24,N,1,174,201,5,30.21,83.0,1.0,0.5,0.0,7.92,,0.3,92.72,2,1,,green_tripdata_2017-10.parquet
2,2017-10-18 18:13:47,2017-10-18 19:23:20,N,1,174,201,5,30.2,83.5,1.0,0.5,0.0,7.92,,0.3,93.22,2,1,,green_tripdata_2017-10.parquet
2,2017-10-19 19:07:57,2017-10-20 16:48:07,N,1,174,201,5,30.2,83.0,1.0,0.5,0.0,7.92,,0.3,92.72,2,1,,green_tripdata_2017-10.parquet
2,2017-10-20 18:50:56,2017-10-21 18:34:48,N,1,174,201,5,30.18,83.5,1.0,0.5,0.0,7.92,,0.3,93.22,2,1,,green_tripdata_2017-10.parquet
2,2017-10-23 19:16:49,2017-10-23 20:19:23,N,1,174,201,5,30.2,81.5,1.0,0.5,0.0,13.68,,0.3,96.98,2,1,,green_tripdata_2017-10.parquet
2,2017-10-24 18:17:32,2017-10-25 00:00:00,N,1,174,201,5,30.21,87.0,1.0,0.5,0.0,7.92,,0.3,96.72,2,1,,green_tripdata_2017-10.parquet
2,2017-10-30 18:37:28,2017-10-30 19:45:39,N,1,174,201,5,35.15,93.0,1.0,0.5,0.0,7.92,,0.3,102.72,2,1,,green_tripdata_2017-10.parquet
2,2017-10-31 18:08:02,2017-11-01 00:00:00,N,1,174,201,5,35.14,95.5,1.0,0.5,0.0,7.92,,0.3,105.22,2,1,,green_tripdata_2017-10.parquet
2,2017-03-01 19:11:07,2017-03-01 19:57:01,N,1,92,117,2,17.13,50.5,1.0,0.5,0.0,2.08,,0.3,54.38,2,1,,green_tripdata_2017-03.parquet
1,2017-03-12 20:49:31,2017-03-12 21:27:26,N,1,181,44,2,22.7,62.0,1.0,0.5,0.0,11.08,,0.3,74.88,2,1,,green_tripdata_2017-03.parquet
2,2017-03-16 16:04:12,2017-03-16 18:51:49,N,1,133,23,2,20.64,104.0,1.0,0.5,0.0,11.08,,0.3,116.88,2,1,,green_tripdata_2017-03.parquet
2,2017-03-16 18:56:32,2017-03-16 19:36:16,N,1,92,38,2,10.49,35.0,1.0,0.5,0.0,3.0,,0.3,39.8,2,1,,green_tripdata_2017-03.parquet
1,2017-03-24 19:27:11,2017-03-24 19:52:12,N,1,196,233,2,7.7,25.0,1.0,0.5,0.0,5.58,,0.3,32.38,2,1,,green_tripdata_2017-03.parquet
1,2017-04-10 17:19:22,2017-04-10 18:32:59,N,1,129,244,2,9.4,47.0,1.0,0.5,0.0,8.0,,0.3,56.8,2,1,,green_tripdata_2017-04.parquet
2,2017-04-17 16:42:03,2017-04-17 19:12:44,N,1,89,89,2,68.8,191.5,1.0,0.5,0.0,8.4,,0.3,205.6,2,1,,green_tripdata_2017-04.parquet
1,2017-04-27 17:14:29,2017-04-27 18:41:14,N,1,82,117,2,12.8,60.5,1.0,0.5,0.0,2.16,,0.3,64.46,2,1,,green_tripdata_2017-04.parquet
2,2017-02-08 19:32:20,2017-02-08 20:07:56,N,1,92,216,2,10.97,34.0,1.0,0.5,0.0,8.0,,0.3,43.8,2,1,,green_tripdata_2017-02.parquet
1,2017-02-22 16:33:35,2017-02-22 17:13:12,N,1,196,117,2,13.9,42.0,1.0,0.5,0.0,3.0,,0.3,46.8,2,1,,green_tripdata_2017-02.parquet
1,2017-06-05 18:26:07,2017-06-05 19:20:51,N,1,66,117,2,24.1,66.5,1.0,0.5,0.0,2.16,,0.3,70.46,2,1,,green_tripdata_2017-06.parquet
1,2017-06-09 16:10:29,2017-06-09 16:10:29,N,1,75,264,2,0.0,46.0,1.0,0.5,0.0,47.8,,0.3,95.6,2,1,,green_tripdata_2017-06.parquet
1,2017-06-15 18:35:30,2017-06-15 19:38:38,N,1,75,206,2,23.6,67.0,1.0,0.5,0.0,17.28,,0.3,86.08,2,1,,green_tripdata_2017-06.parquet
1,2017-06-23 18:43:01,2017-06-23 19:21:55,N,1,40,48,2,7.2,28.0,1.0,0.5,0.0,8.0,,0.3,37.8,2,1,,green_tripdata_2017-06.parquet
2,2017-10-06 17:29:17,2017-10-06 17:35:42,N,1,24,166,2,0.8,5.5,1.0,0.5,0.0,2.16,,0.3,9.46,2,1,,green_tripdata_2017-10.parquet
1,2017-10-21 19:42:02,2017-10-21 20:18:25,N,1,134,117,2,13.0,40.5,1.0,0.5,0.0,2.16,,0.3,44.46,2,1,,green_tripdata_2017-10.parquet
2,2017-10-23 17:27:40,2017-10-23 18:32:44,N,1,75,156,2,24.48,69.5,1.0,0.5,0.0,17.28,,0.3,88.58,2,1,,green_tripdata_2017-10.parquet
1,2017-10-25 17:51:05,2017-10-25 18:08:45,N,1,82,129,2,2.2,12.0,1.0,0.5,0.0,0.3,,0.3,14.1,2,1,,green_tripdata_2017-10.parquet
2,2017-10-26 16:17:23,2017-10-26 16:56:45,N,1,129,107,2,6.57,27.0,1.0,0.5,0.0,8.5,,0.3,37.3,2,1,,green_tripdata_2017-10.parquet
1,2017-07-10 16:18:18,2017-07-10 17:24:08,N,1,75,23,2,22.5,67.0,1.0,0.5,0.0,17.28,,0.3,86.08,2,1,,green_tripdata_2017-07.parquet
1,2017-07-11 16:05:19,2017-07-11 16:12:38,N,1,82,56,2,0.9,6.5,1.0,0.5,0.0,1.0,,0.3,9.3,2,1,,green_tripdata_2017-07.parquet
2,2017-12-29 16:02:22,2017-12-29 16:41:31,N,1,129,127,2,10.54,36.5,1.0,0.5,0.0,8.5,,0.3,46.8,2,1,,green_tripdata_2017-12.parquet
1,2017-09-08 16:10:57,2017-09-08 16:21:00,N,1,82,173,2,1.6,8.5,1.0,0.5,0.0,1.0,,0.3,11.3,2,1,,green_tripdata_2017-09.parquet
2,2017-09-26 18:32:07,2017-09-26 19:22:58,N,1,82,117,2,11.75,42.0,1.0,0.5,0.0,2.16,,0.3,45.96,2,1,,green_tripdata_2017-09.parquet
2,2017-11-29 17:49:54,2017-11-29 19:32:00,N,1,89,86,2,17.28,57.5,1.0,0.5,0.0,2.16,,0.3,61.46,2,1,,green_tripdata_2017-11.parquet
2,2017-11-13 17:33:31,2017-11-13 18:07:48,N,1,244,220,2,4.21,23.0,1.0,0.5,0.0,3.45,,0.3,28.25,2,1,,green_tripdata_2017-11.parquet
2,2017-11-14 17:46:18,2017-11-14 18:41:52,N,1,66,9,2,14.86,46.0,1.0,0.5,0.0,1.95,,0.3,49.75,2,1,,green_tripdata_2017-11.parquet
1,2017-03-22 16:14:52,2017-03-22 16:38:02,N,1,174,235,3,3.8,17.5,1.0,0.5,0.0,5.0,,0.3,24.3,2,1,,green_tripdata_2017-03.parquet
1,2017-03-23 17:04:37,2017-03-23 17:22:42,N,1,174,136,3,2.3,13.0,1.0,0.5,0.0,3.0,,0.3,17.8,2,1,,green_tripdata_2017-03.parquet
1,2017-03-29 17:59:23,2017-03-29 18:27:48,N,1,210,27,3,8.0,25.0,1.0,0.5,0.0,2.16,,0.3,28.96,2,1,,green_tripdata_2017-03.parquet
1,2017-04-27 18:33:21,2017-04-27 18:33:40,N,1,254,254,3,2.8,2.5,1.0,0.5,0.0,25.0,,0.3,29.3,2,1,,green_tripdata_2017-04.parquet
1,2017-04-28 19:53:30,2017-04-28 20:57:59,N,1,225,206,3,17.1,57.0,1.0,0.5,0.0,16.0,,0.3,74.8,2,1,,green_tripdata_2017-04.parquet
1,2017-05-18 16:38:18,2017-05-18 17:07:39,N,1,32,169,3,4.2,20.5,1.0,0.5,0.0,2.0,,0.3,24.3,2,1,,green_tripdata_2017-05.parquet
2,2017-05-18 18:00:40,2017-05-18 18:44:30,N,1,210,27,3,7.5,31.0,1.0,0.5,0.0,2.16,,0.3,34.96,2,1,,green_tripdata_2017-05.parquet
2,2017-01-20 18:23:26,2017-01-20 18:49:19,N,1,43,129,3,7.13,24.0,1.0,0.5,0.0,8.0,,0.3,33.8,2,1,,green_tripdata_2017-01.parquet
1,2017-01-09 16:00:28,2017-01-09 16:31:05,N,1,14,251,3,8.3,29.5,1.0,0.5,0.0,11.08,,0.3,42.38,2,1,,green_tripdata_2017-01.parquet
2,2017-01-17 18:50:02,2017-01-17 19:08:21,N,1,210,27,3,8.06,23.5,1.0,0.5,0.0,4.16,,0.3,29.46,2,1,,green_tripdata_2017-01.parquet
2,2017-02-03 16:41:03,2017-02-03 17:41:57,N,1,75,28,3,14.09,47.0,1.0,0.5,0.0,8.0,,0.3,56.8,2,1,,green_tripdata_2017-02.parquet
2,2017-02-10 18:09:31,2017-02-10 18:58:52,N,1,49,156,3,16.6,50.5,1.0,0.5,0.0,11.08,,0.3,63.38,2,1,,green_tripdata_2017-02.parquet
2,2017-02-23 17:08:21,2017-02-23 17:54:56,N,1,82,117,3,13.86,44.0,1.0,0.5,0.0,2.08,,0.3,47.88,2,1,,green_tripdata_2017-02.parquet
2,2017-02-24 19:41:14,2017-02-24 20:06:52,N,1,112,221,3,14.71,40.0,1.0,0.5,0.0,11.08,,0.3,52.88,2,1,,green_tripdata_2017-02.parquet
2,2017-03-10 17:14:46,2017-03-10 17:33:02,N,1,210,27,5,8.15,24.5,1.0,0.5,0.0,2.08,,0.3,28.38,2,1,,green_tripdata_2017-03.parquet
1,2017-03-21 16:08:21,2017-03-21 16:36:34,N,1,174,3,6,4.0,20.0,1.0,0.5,0.0,6.0,,0.3,27.8,2,1,,green_tripdata_2017-03.parquet
1,2017-03-29 16:37:14,2017-03-29 16:50:08,N,1,174,254,4,1.0,9.5,1.0,0.5,0.0,3.03,,0.3,14.33,2,1,,green_tripdata_2017-03.parquet
1,2017-04-04 18:55:28,2017-04-04 19:06:12,N,1,242,250,4,1.2,8.5,1.0,0.5,0.0,2.0,,0.3,12.3,2,1,,green_tripdata_2017-04.parquet
1,2017-04-25 18:33:30,2017-04-25 19:07:30,N,1,254,265,5,21.9,58.5,1.0,0.5,0.0,20.0,,0.3,80.3,2,1,,green_tripdata_2017-04.parquet
1,2017-05-10 16:02:30,2017-05-10 16:18:31,N,1,174,32,5,2.0,12.0,1.0,0.5,0.0,2.0,,0.3,15.8,2,1,,green_tripdata_2017-05.parquet
1,2017-05-17 18:22:20,2017-05-17 18:22:34,N,1,185,185,4,4.0,2.5,1.0,0.5,0.0,5.5,,0.3,9.8,2,1,,green_tripdata_2017-05.parquet
2,2017-01-10 19:28:56,2017-01-10 19:47:39,N,1,210,27,5,8.0,24.0,1.0,0.5,0.0,2.08,,0.3,27.88,2,1,,green_tripdata_2017-01.parquet
2,2017-01-05 18:21:59,2017-01-05 19:21:18,N,1,75,214,5,20.34,59.0,1.0,0.5,0.0,16.62,,0.3,77.42,2,1,,green_tripdata_2017-01.parquet
2,2017-01-27 18:33:49,2017-01-27 19:12:45,N,1,112,221,6,14.74,41.0,1.0,0.5,0.0,11.08,,0.3,53.88,2,1,,green_tripdata_2017-01.parquet
2,2017-02-07 16:29:47,2017-02-07 17:32:21,N,1,74,23,5,33.42,90.0,1.0,0.5,0.0,25.0,,0.3,116.8,2,1,,green_tripdata_2017-02.parquet
2,2017-02-10 17:49:37,2017-02-10 18:56:01,N,1,61,206,5,14.65,50.5,1.0,0.5,0.0,11.08,,0.3,67.28,2,1,,green_tripdata_2017-02.parquet
2,2017-02-13 17:33:07,2017-02-13 18:35:17,N,1,61,117,6,17.64,57.0,1.0,0.5,0.0,2.08,,0.3,64.78,2,1,,green_tripdata_2017-02.parquet
2,2017-02-21 16:39:43,2017-02-21 17:06:00,N,1,33,6,5,9.82,28.5,1.0,0.5,0.0,11.08,,0.3,41.38,2,1,,green_tripdata_2017-02.parquet
2,2017-02-21 19:11:28,2017-02-21 19:27:36,N,1,210,27,5,7.61,22.0,1.0,0.5,0.0,2.08,,0.3,25.88,2,1,,green_tripdata_2017-02.parquet
2,2017-09-18 16:03:42,2017-09-18 17:35:05,N,1,244,27,5,31.58,90.5,1.0,0.5,0.0,7.92,,0.3,100.22,2,1,,green_tripdata_2017-09.parquet
1,2017-03-24 16:04:31,2017-03-24 17:24:27,N,1,65,265,2,6.9,47.0,1.0,0.5,0.0,12.5,,0.3,61.3,2,1,,green_tripdata_2017-03.parquet
2,2017-03-17 16:24:29,2017-03-17 17:46:17,N,1,193,193,5,0.0,43.0,1.0,0.5,0.0,12.5,,0.3,57.3,2,1,,green_tripdata_2017-03.parquet
2,2017-04-05 17:21:41,2017-04-05 18:21:00,N,1,42,265,6,25.54,72.5,1.0,0.5,0.0,12.5,,0.3,86.8,2,1,,green_tripdata_2017-04.parquet
2,2017-04-07 17:14:44,2017-04-07 17:59:23,N,1,166,265,3,8.4,33.5,1.0,0.5,0.0,12.5,,0.3,47.8,2,1,,green_tripdata_2017-04.parquet
2,2017-05-04 17:33:45,2017-05-04 18:43:37,N,1,75,265,5,30.1,88.0,1.0,0.5,0.0,12.5,,0.3,102.3,2,1,,green_tripdata_2017-05.parquet
2,2017-02-23 19:28:24,2017-02-23 19:42:19,N,1,244,265,3,6.75,20.0,1.0,0.5,0.0,12.5,,0.3,34.3,2,1,,green_tripdata_2017-02.parquet
2,2017-02-08 18:56:46,2017-02-08 19:39:21,N,1,41,265,5,22.12,59.5,1.0,0.5,0.0,12.5,,0.3,73.8,2,1,,green_tripdata_2017-02.parquet
2,2017-02-27 17:18:08,2017-02-27 17:38:39,N,1,75,138,2,7.43,23.5,1.0,0.5,0.0,12.5,,0.3,37.8,2,1,,green_tripdata_2017-02.parquet
1,2017-06-02 16:18:42,2017-06-02 18:31:00,N,1,145,1,3,22.9,99.0,1.0,0.5,0.0,12.5,,0.3,113.3,2,1,,green_tripdata_2017-06.parquet
2,2017-06-12 19:25:06,2017-06-12 20:07:00,N,1,97,265,5,7.56,31.0,1.0,0.5,0.0,12.5,,0.3,45.3,2,1,,green_tripdata_2017-06.parquet
2,2017-06-26 19:06:43,2017-06-26 19:16:10,N,1,244,265,2,4.19,13.5,1.0,0.5,0.0,12.5,,0.3,27.8,2,1,,green_tripdata_2017-06.parquet
2,2017-07-24 18:22:12,2017-07-24 19:04:21,N,1,244,265,3,29.07,77.5,1.0,0.5,0.0,12.5,,0.3,91.8,2,1,,green_tripdata_2017-07.parquet
2,2017-03-29 00:56:56,2017-03-29 08:23:45,N,1,14,118,2,10.39,32.0,1.0,0.5,0.0,11.52,,0.3,45.32,2,1,,green_tripdata_2017-03.parquet
2,2017-03-29 16:30:21,2017-03-29 17:55:29,N,1,75,245,2,23.16,72.0,1.0,0.5,0.0,11.52,,0.3,85.32,2,1,,green_tripdata_2017-03.parquet
2,2017-05-18 18:42:33,2017-05-18 19:31:31,N,1,112,221,2,14.73,43.0,1.0,0.5,0.0,11.52,,0.3,56.32,2,1,,green_tripdata_2017-05.parquet
1,2017-06-07 18:57:24,2017-06-07 20:04:02,N,1,75,221,2,19.6,58.0,1.0,0.5,0.0,11.52,,0.3,71.32,2,1,,green_tripdata_2017-06.parquet
1,2017-10-25 19:44:27,2017-10-25 20:05:00,N,1,82,186,2,7.1,23.5,1.0,0.5,0.0,11.52,,0.3,36.82,2,1,,green_tripdata_2017-10.parquet
2,2017-10-26 18:04:03,2017-10-26 18:49:12,N,1,17,214,2,15.5,45.5,1.0,0.5,0.0,11.52,,0.3,58.82,2,1,,green_tripdata_2017-10.parquet
2,2017-07-10 17:59:47,2017-07-10 18:50:19,N,1,130,221,2,26.78,72.0,1.0,0.5,0.0,11.52,,0.3,85.32,2,1,,green_tripdata_2017-07.parquet
1,2017-09-08 18:59:00,2017-09-08 19:48:39,N,1,75,214,2,21.6,59.5,1.0,0.5,0.0,11.52,,0.3,72.82,2,1,,green_tripdata_2017-09.parquet
2,2017-04-04 19:13:28,2017-04-04 20:29:46,N,1,187,206,5,0.0,40.5,1.0,0.5,0.0,11.52,,0.3,53.82,2,1,,green_tripdata_2017-04.parquet
2,2017-04-14 17:09:11,2017-04-14 18:47:15,N,1,218,72,6,37.28,107.5,1.0,0.5,0.0,11.52,,0.3,124.72,2,1,,green_tripdata_2017-04.parquet
2,2017-05-10 17:39:48,2017-05-10 19:22:52,N,1,93,251,6,26.76,83.5,1.0,0.5,0.0,11.52,,0.3,96.82,2,1,,green_tripdata_2017-05.parquet
2,2017-06-02 19:00:34,2017-06-02 19:52:37,N,1,112,221,5,14.64,46.0,1.0,0.5,0.0,11.52,,0.3,59.32,2,1,,green_tripdata_2017-06.parquet
2,2017-07-10 16:53:26,2017-07-10 17:58:08,N,1,33,44,3,22.9,66.5,1.0,0.5,0.0,11.52,,0.3,79.82,2,1,,green_tripdata_2017-07.parquet
2,2017-07-18 17:44:10,2017-07-18 18:37:58,N,1,121,228,5,19.13,56.0,1.0,0.5,0.0,11.52,,0.3,69.32,2,1,,green_tripdata_2017-07.parquet
2,2017-12-27 19:25:23,2017-12-27 19:51:42,N,1,65,251,5,13.71,37.5,1.0,0.5,0.0,11.52,,0.3,50.82,2,1,,green_tripdata_2017-12.parquet
2,2017-09-22 16:40:33,2017-09-22 17:43:38,N,1,174,132,5,20.95,62.0,1.0,0.5,0.0,11.52,,0.3,75.32,2,1,,green_tripdata_2017-09.parquet
2,2017-11-13 17:38:20,2017-11-13 19:00:52,N,1,75,176,5,24.17,73.0,1.0,0.5,0.0,11.52,,0.3,86.32,2,1,,green_tripdata_2017-11.parquet
2,2017-11-13 19:53:03,2017-11-13 20:22:28,N,1,112,221,6,14.63,40.5,1.0,0.5,0.0,11.52,,0.3,53.82,2,1,,green_tripdata_2017-11.parquet
1,2017-03-07 19:11:51,2017-03-07 19:22:10,N,1,244,200,2,4.6,14.5,1.0,0.5,0.0,2.54,,0.3,18.84,2,1,,green_tripdata_2017-03.parquet
2,2017-01-05 17:08:59,2017-01-05 17:22:25,N,1,244,200,5,5.37,17.0,1.0,0.5,0.0,2.54,,0.3,21.34,2,1,,green_tripdata_2017-01.parquet
2,2017-01-11 16:13:46,2017-01-11 16:27:28,N,1,244,200,5,5.59,18.5,1.0,0.5,0.0,2.54,,0.3,22.84,2,1,,green_tripdata_2017-01.parquet
2,2017-01-11 16:02:19,2017-01-11 16:20:26,N,1,244,200,2,6.35,21.5,1.0,0.5,0.0,2.54,,0.3,25.84,2,1,,green_tripdata_2017-01.parquet
2,2017-01-18 17:59:14,2017-01-18 18:14:45,N,1,244,200,5,5.51,18.5,1.0,0.5,0.0,2.54,,0.3,22.84,2,1,,green_tripdata_2017-01.parquet
1,2017-01-30 16:53:31,2017-01-30 17:05:01,N,1,244,200,2,4.6,15.5,1.0,0.5,0.0,2.54,,0.3,19.84,2,1,,green_tripdata_2017-01.parquet
2,2017-01-31 19:21:22,2017-01-31 19:32:58,N,1,244,200,2,5.53,17.0,1.0,0.5,0.0,2.54,,0.3,21.34,2,1,,green_tripdata_2017-01.parquet
2,2017-02-22 16:15:05,2017-02-22 16:26:33,N,1,244,200,3,4.12,14.0,1.0,0.5,0.0,2.54,,0.3,18.34,2,1,,green_tripdata_2017-02.parquet
2,2017-03-02 17:20:33,2017-03-02 17:31:50,N,1,244,220,5,4.09,14.0,1.0,0.5,0.0,2.54,,0.3,18.34,2,1,,green_tripdata_2017-03.parquet
2,2017-03-07 17:35:51,2017-03-07 17:52:58,N,1,244,220,4,4.5,18.0,1.0,0.5,0.0,2.54,,0.3,22.34,2,1,,green_tripdata_2017-03.parquet
2,2017-03-10 17:53:24,2017-03-10 18:04:47,N,1,244,220,2,4.07,14.5,1.0,0.5,0.0,2.54,,0.3,18.84,2,1,,green_tripdata_2017-03.parquet
2,2017-03-16 17:15:33,2017-03-16 17:34:13,N,1,244,265,3,8.71,26.5,1.0,0.5,0.0,2.54,,0.3,30.84,2,1,,green_tripdata_2017-03.parquet
2,2017-03-21 18:29:09,2017-03-21 18:37:42,N,1,244,220,5,3.78,13.0,1.0,0.5,0.0,2.54,,0.3,17.34,2,1,,green_tripdata_2017-03.parquet
2,2017-01-06 18:16:05,2017-01-06 18:25:11,N,1,244,220,5,3.68,12.5,1.0,0.5,0.0,2.54,,0.3,16.84,2,1,,green_tripdata_2017-01.parquet
2,2017-01-09 18:47:28,2017-01-09 19:01:58,N,1,244,153,2,4.08,15.0,1.0,0.5,0.0,2.54,,0.3,19.34,2,1,,green_tripdata_2017-01.parquet
2,2017-01-18 17:49:11,2017-01-18 18:02:49,N,1,244,220,2,4.08,15.0,1.0,0.5,0.0,2.54,,0.3,19.34,2,1,,green_tripdata_2017-01.parquet
2,2017-01-23 16:41:50,2017-01-23 16:54:20,N,1,244,220,5,3.76,14.0,1.0,0.5,0.0,2.54,,0.3,18.34,2,1,,green_tripdata_2017-01.parquet
2,2017-02-15 18:35:53,2017-02-15 18:46:34,N,1,244,220,2,4.02,13.5,1.0,0.5,0.0,2.54,,0.3,17.84,2,1,,green_tripdata_2017-02.parquet
2,2017-03-02 17:07:18,2017-03-02 17:34:31,N,1,166,200,2,8.17,26.0,1.0,0.5,0.0,2.54,,0.3,30.34,2,1,,green_tripdata_2017-03.parquet
2,2017-03-13 19:45:29,2017-03-13 19:57:52,N,1,116,200,5,5.19,17.0,1.0,0.5,0.0,2.54,,0.3,21.34,2,1,,green_tripdata_2017-03.parquet
2,2017-03-16 17:35:15,2017-03-16 17:44:27,N,1,127,200,3,2.17,10.0,1.0,0.5,0.0,2.54,,0.3,14.34,2,1,,green_tripdata_2017-03.parquet
2,2017-03-17 19:45:44,2017-03-17 20:07:20,N,1,166,200,5,7.98,24.0,1.0,0.5,0.0,2.54,,0.3,28.34,2,1,,green_tripdata_2017-03.parquet
2,2017-01-03 17:41:09,2017-01-03 18:02:55,N,1,174,244,5,8.84,27.0,1.0,0.5,0.0,2.54,,0.3,31.34,2,1,,green_tripdata_2017-01.parquet
2,2017-01-06 17:17:33,2017-01-06 17:47:52,N,1,174,42,3,11.05,35.0,1.0,0.5,0.0,2.54,,0.3,39.34,2,1,,green_tripdata_2017-01.parquet
2,2017-01-13 16:13:57,2017-01-13 16:24:54,N,1,243,220,3,3.99,13.0,1.0,0.5,0.0,2.54,,0.3,17.34,2,1,,green_tripdata_2017-01.parquet
2,2017-01-17 18:08:30,2017-01-17 18:34:51,N,1,24,200,2,7.67,25.5,1.0,0.5,0.0,2.54,,0.3,29.84,2,1,,green_tripdata_2017-01.parquet
2,2017-01-19 18:17:07,2017-01-19 18:51:44,N,1,166,32,3,12.91,38.5,1.0,0.5,0.0,2.54,,0.3,42.84,2,1,,green_tripdata_2017-01.parquet
2,2017-01-27 16:44:48,2017-01-27 17:26:34,N,1,41,174,5,11.23,39.5,1.0,0.5,0.0,2.54,,0.3,43.84,2,1,,green_tripdata_2017-01.parquet
2,2017-01-31 18:35:00,2017-01-31 19:03:47,N,1,41,259,2,16.05,44.5,1.0,0.5,0.0,2.54,,0.3,48.84,2,1,,green_tripdata_2017-01.parquet
2,2017-02-02 16:21:50,2017-02-02 17:18:43,N,1,166,32,4,12.4,47.0,1.0,0.5,0.0,2.54,,0.3,51.34,2,1,,green_tripdata_2017-02.parquet
2,2017-02-10 19:03:29,2017-02-10 19:26:39,N,1,166,265,5,9.76,28.5,1.0,0.5,0.0,2.54,,0.3,32.84,2,1,,green_tripdata_2017-02.parquet
1,2017-02-18 18:19:59,2017-02-18 18:31:43,N,1,220,243,2,3.2,12.5,1.0,0.5,0.0,2.54,,0.3,16.84,2,1,,green_tripdata_2017-02.parquet
1,2017-02-20 17:13:22,2017-02-20 17:29:58,N,1,127,200,2,4.6,17.5,1.0,0.5,0.0,2.54,,0.3,21.84,2,1,,green_tripdata_2017-02.parquet
1,2017-02-24 16:47:15,2017-02-24 17:18:02,N,1,75,220,2,9.1,30.0,1.0,0.5,0.0,2.54,,0.3,34.34,2,1,,green_tripdata_2017-02.parquet
2,2017-10-20 17:09:14,2017-10-20 18:44:53,N,1,226,117,6,16.16,68.5,1.0,0.5,0.0,2.16,,0.3,72.46,1,1,,green_tripdata_2017-10.parquet
2,2017-12-04 18:13:16,2017-12-04 19:22:17,N,1,226,117,5,16.42,56.0,1.0,0.5,0.0,2.16,,0.3,59.96,1,1,,green_tripdata_2017-12.parquet
2,2017-12-08 17:06:04,2017-12-08 18:22:55,N,1,121,117,6,15.18,56.0,1.0,0.5,0.0,2.16,,0.3,59.96,1,1,,green_tripdata_2017-12.parquet
2,2017-12-12 18:49:48,2017-12-12 19:23:04,N,1,123,117,2,12.81,37.5,1.0,0.5,0.0,2.16,,0.3,41.46,1,1,,green_tripdata_2017-12.parquet
2,2017-12-14 16:19:04,2017-12-14 18:07:28,N,1,179,117,5,21.76,81.0,1.0,0.5,0.0,2.16,,0.3,84.96,1,1,,green_tripdata_2017-12.parquet
2,2017-12-27 17:37:34,2017-12-27 18:17:05,N,1,134,117,5,13.15,40.5,1.0,0.5,0.0,2.16,,0.3,44.46,1,1,,green_tripdata_2017-12.parquet
2,2017-12-28 17:21:15,2017-12-28 18:23:08,N,1,226,117,3,16.52,53.5,1.0,0.5,0.0,2.16,,0.3,57.46,1,1,,green_tripdata_2017-12.parquet
2,2017-11-02 16:47:02,2017-11-02 17:51:12,N,1,26,117,6,13.09,49.5,1.0,0.5,0.0,2.16,,0.3,53.46,1,1,,green_tripdata_2017-11.parquet
2,2017-11-03 16:42:00,2017-11-03 17:14:06,N,1,258,117,5,9.68,32.0,1.0,0.5,0.0,2.16,,0.3,35.96,1,1,,green_tripdata_2017-11.parquet
2,2017-11-20 16:11:21,2017-11-20 17:34:47,N,1,82,117,2,14.63,60.0,1.0,0.5,0.0,2.16,,0.3,63.96,1,1,,green_tripdata_2017-11.parquet
2,2017-11-28 17:22:47,2017-11-28 18:32:28,N,1,226,117,6,16.83,58.0,1.0,0.5,0.0,2.16,,0.3,61.96,1,1,,green_tripdata_2017-11.parquet
2,2017-11-28 19:46:08,2017-11-28 20:09:18,N,1,216,117,3,8.09,25.5,1.0,0.5,0.0,2.16,,0.3,29.46,1,1,,green_tripdata_2017-11.parquet
2,2017-06-27 16:06:10,2017-06-27 17:04:21,N,1,25,201,5,12.77,47.0,1.0,0.5,0.0,2.16,,0.3,50.96,1,1,,green_tripdata_2017-06.parquet
2,2017-10-25 17:10:15,2017-10-25 17:36:52,N,1,216,201,2,9.43,29.5,1.0,0.5,0.0,2.16,,0.3,33.46,1,1,,green_tripdata_2017-10.parquet
1,2017-07-04 17:15:59,2017-07-04 17:36:06,N,1,89,27,2,6.8,22.0,1.0,0.5,0.0,2.16,,0.3,25.96,4,1,,green_tripdata_2017-07.parquet
2,2017-12-01 17:25:12,2017-12-01 18:22:24,N,1,201,196,5,11.88,45.5,1.0,0.5,0.0,2.16,,0.3,49.46,1,1,,green_tripdata_2017-12.parquet
2,2017-12-26 19:10:39,2017-12-26 19:54:45,N,1,197,86,2,12.68,40.0,1.0,0.5,0.0,2.16,,0.3,43.96,1,1,,green_tripdata_2017-12.parquet
2,2017-09-05 19:05:15,2017-09-05 19:44:40,N,1,201,95,5,12.17,39.0,1.0,0.5,0.0,2.16,,0.3,44.91,1,1,,green_tripdata_2017-09.parquet
2,2017-09-25 19:00:07,2017-09-25 20:27:57,N,1,43,201,5,27.46,84.5,1.0,0.5,0.0,2.16,,0.3,88.46,1,1,,green_tripdata_2017-09.parquet
2,2017-11-20 16:53:38,2017-11-20 17:59:44,N,1,225,201,5,12.92,50.0,1.0,0.5,0.0,2.16,,0.3,53.96,1,1,,green_tripdata_2017-11.parquet
2,2017-03-30 19:36:45,2017-03-30 21:43:47,N,1,14,23,2,13.04,84.0,1.0,0.5,0.0,11.52,,0.3,97.32,1,1,,green_tripdata_2017-03.parquet
1,2017-04-14 17:03:24,2017-04-14 17:27:40,N,1,236,194,2,6.1,21.0,1.0,0.5,0.0,11.52,,0.3,34.32,1,1,,green_tripdata_2017-04.parquet
2,2017-05-11 20:10:54,2017-05-11 21:27:16,N,1,61,35,4,25.6,78.5,1.0,0.5,0.0,11.52,,0.3,93.77,1,1,,green_tripdata_2017-05.parquet
2,2017-10-31 19:52:39,2017-10-31 20:22:00,N,1,25,228,2,15.21,43.5,1.0,0.5,0.0,11.52,,0.3,56.82,1,1,,green_tripdata_2017-10.parquet
2,2017-07-11 18:31:05,2017-07-11 19:37:31,N,1,129,206,2,23.39,67.0,1.0,0.5,0.0,11.52,,0.3,80.32,1,1,,green_tripdata_2017-07.parquet
2,2017-12-27 18:51:50,2017-12-27 19:32:54,N,1,35,115,2,19.42,53.5,1.0,0.5,0.0,11.52,,0.3,66.82,1,1,,green_tripdata_2017-12.parquet
2,2017-12-15 16:18:04,2017-12-15 16:43:33,N,1,22,22,4,1.9,15.5,1.0,0.5,0.0,11.52,,0.3,28.82,1,1,,green_tripdata_2017-12.parquet
2,2017-09-27 18:11:12,2017-09-27 18:56:40,N,1,174,28,5,18.43,54.0,1.0,0.5,0.0,11.52,,0.3,67.32,1,1,,green_tripdata_2017-09.parquet
2,2017-11-30 19:35:08,2017-11-30 19:59:08,N,1,6,33,5,10.76,31.0,1.0,0.5,0.0,11.52,,0.3,44.32,1,1,,green_tripdata_2017-11.parquet
1,2017-03-07 17:23:43,2017-03-07 18:02:33,N,1,66,265,2,5.2,25.0,1.0,0.5,0.0,12.5,,0.3,39.3,1,1,,green_tripdata_2017-03.parquet
2,2017-05-01 16:31:01,2017-05-01 16:31:18,N,1,138,138,2,0.0,2.5,1.0,0.5,0.0,31.0,,0.3,35.3,1,1,,green_tripdata_2017-05.parquet
1,2017-05-03 19:38:15,2017-05-03 20:40:13,N,1,17,86,2,16.1,54.0,1.0,0.5,0.0,4.32,,0.3,60.12,1,1,,green_tripdata_2017-05.parquet
1,2017-05-15 19:51:30,2017-05-15 20:27:45,N,1,82,47,2,13.2,40.0,1.0,0.5,0.0,8.5,,0.3,50.3,1,1,,green_tripdata_2017-05.parquet
1,2017-01-02 17:40:26,2017-01-02 21:40:36,N,1,225,217,2,56.3,203.5,1.0,0.5,0.0,27.7,,0.3,233.0,1,1,,green_tripdata_2017-01.parquet
1,2017-02-23 17:40:52,2017-02-23 18:46:46,N,1,97,118,2,19.0,62.5,1.0,0.5,0.0,11.08,,0.3,75.38,1,1,,green_tripdata_2017-02.parquet
2,2017-02-28 16:56:31,2017-02-28 17:23:40,N,1,244,138,2,10.6,32.5,1.0,0.5,0.0,8.0,,0.3,42.3,1,1,,green_tripdata_2017-02.parquet
1,2017-02-28 16:48:33,2017-02-28 21:38:38,N,1,72,265,2,47.5,207.0,1.0,0.5,0.0,16.04,,0.3,224.84,1,1,,green_tripdata_2017-02.parquet
2,2017-10-18 17:55:07,2017-10-18 18:16:27,N,1,62,35,2,2.45,14.5,1.0,0.5,0.0,19.8,,0.3,36.1,1,1,,green_tripdata_2017-10.parquet
2,2017-10-26 16:33:11,2017-10-26 17:48:45,N,1,227,14,2,22.0,68.0,1.0,0.5,0.0,3.75,,0.3,73.55,1,1,,green_tripdata_2017-10.parquet
2,2017-10-30 17:41:18,2017-10-30 18:27:43,N,1,91,86,2,12.51,43.0,1.0,0.5,0.0,4.32,,0.3,49.12,1,1,,green_tripdata_2017-10.parquet
2,2017-12-19 19:36:23,2017-12-19 21:00:26,N,1,75,117,2,29.14,85.0,1.0,0.5,0.0,7.92,,0.3,94.72,1,1,,green_tripdata_2017-12.parquet
2,2017-12-29 19:10:41,2017-12-29 19:57:29,N,1,181,200,2,19.91,58.5,1.0,0.5,0.0,8.4,,0.3,68.7,1,1,,green_tripdata_2017-12.parquet
2,2017-11-02 16:56:50,2017-11-02 17:22:28,N,1,26,26,2,2.21,16.0,1.0,0.5,0.0,15.5,,0.3,33.3,1,1,,green_tripdata_2017-11.parquet
2,2017-03-02 18:46:01,2017-03-02 18:46:34,N,1,61,61,5,0.03,2.5,1.0,0.5,0.0,12.5,,0.3,16.8,1,1,,green_tripdata_2017-03.parquet
2,2017-04-05 16:35:16,2017-04-05 16:36:02,N,1,49,49,5,0.0,2.5,1.0,0.5,0.0,7.58,,0.3,11.88,1,1,,green_tripdata_2017-04.parquet
2,2017-04-21 17:29:06,2017-04-21 17:29:37,N,1,149,149,5,0.0,2.5,1.0,0.5,0.0,18.0,,0.3,22.3,1,1,,green_tripdata_2017-04.parquet
2,2017-04-25 16:31:53,2017-04-25 16:37:10,N,1,61,61,5,0.0,5.0,1.0,0.5,0.0,40.0,,0.3,48.75,1,1,,green_tripdata_2017-04.parquet
2,2017-05-15 17:57:38,2017-05-15 17:58:16,N,1,132,132,5,0.0,2.5,1.0,0.5,0.0,34.0,,0.3,38.3,1,1,,green_tripdata_2017-05.parquet
2,2017-05-30 18:55:11,2017-05-30 20:08:44,N,1,260,265,5,14.09,59.0,1.0,0.5,0.0,10.5,,0.3,71.3,1,1,,green_tripdata_2017-05.parquet
2,2017-01-19 16:23:15,2017-01-19 16:52:21,N,1,166,254,5,12.3,37.0,1.0,0.5,0.0,2.54,,0.3,41.34,1,1,,green_tripdata_2017-01.parquet
2,2017-06-20 18:18:22,2017-06-21 16:32:52,N,1,61,61,5,0.0,3.0,1.0,0.5,0.0,9.0,,0.3,13.8,1,1,,green_tripdata_2017-06.parquet
2,2017-10-11 18:11:59,2017-10-12 00:00:00,N,1,181,86,5,16.26,57.0,1.0,0.5,0.0,4.32,,0.3,63.12,1,1,,green_tripdata_2017-10.parquet
2,2017-09-19 19:18:51,2017-09-19 19:19:27,N,1,39,39,5,0.0,2.5,1.0,0.5,0.0,27.7,,0.3,32.0,1,1,,green_tripdata_2017-09.parquet
1,2017-03-09 17:12:22,2017-03-09 19:46:18,N,1,76,76,4,15.1,90.0,1.0,0.5,0.0,8.0,,0.3,99.8,1,1,,green_tripdata_2017-03.parquet
1,2017-04-04 16:28:21,2017-04-04 17:19:47,N,1,254,159,6,8.0,35.5,1.0,0.5,0.0,2.0,,0.3,39.3,1,1,,green_tripdata_2017-04.parquet
1,2017-04-21 16:13:45,2017-04-21 17:38:02,N,1,97,1,4,17.5,67.0,1.0,0.5,0.0,12.5,,0.3,81.3,1,1,,green_tripdata_2017-04.parquet
2,2017-01-25 17:32:25,2017-01-25 18:05:23,N,1,174,42,3,11.22,35.0,1.0,0.5,0.0,2.54,,0.3,39.34,1,1,,green_tripdata_2017-01.parquet
2,2017-01-30 18:16:33,2017-01-30 18:34:20,N,1,152,200,4,7.01,21.5,1.0,0.5,0.0,2.54,,0.3,25.84,1,1,,green_tripdata_2017-01.parquet
1,2017-02-24 16:43:21,2017-02-24 17:48:39,N,1,65,118,3,18.8,59.0,1.0,0.5,0.0,11.08,,0.3,71.88,1,1,,green_tripdata_2017-02.parquet
2,2017-02-17 16:50:37,2017-02-17 17:21:37,N,1,74,200,3,7.57,27.5,1.0,0.5,0.0,2.54,,0.3,31.84,1,1,,green_tripdata_2017-02.parquet
2,2017-10-23 17:06:54,2017-10-23 17:09:57,N,1,66,65,4,0.47,4.0,1.0,0.5,0.0,38.3,,0.3,44.1,1,1,,green_tripdata_2017-10.parquet
2,2017-12-15 17:51:01,2017-12-15 18:12:12,N,1,11,11,4,3.64,15.5,1.0,0.5,0.0,25.0,,0.3,42.3,1,1,,green_tripdata_2017-12.parquet
1,2017-04-18 15:58:16,2017-04-18 16:09:19,N,1,174,174,2,1.2,8.0,1.0,0.5,0.0,2.0,,0.3,11.8,4,1,,green_tripdata_2017-04.parquet
1,2017-04-25 19:30:50,2017-04-25 19:47:27,N,1,265,265,5,2.0,12.0,1.0,0.5,0.0,5.0,,0.3,18.8,3,1,,green_tripdata_2017-04.parquet
1,2017-05-04 17:14:13,2017-05-04 17:35:03,N,1,18,212,3,4.1,17.0,1.0,0.5,0.0,8.0,,0.3,26.8,3,1,,green_tripdata_2017-05.parquet
1,2017-05-05 19:42:32,2017-05-05 20:00:25,N,1,74,42,3,2.7,13.5,1.0,0.5,0.0,3.0,,0.3,18.3,3,1,,green_tripdata_2017-05.parquet
1,2017-05-16 17:02:04,2017-05-16 17:26:14,N,1,185,242,3,0.7,15.0,1.0,0.5,0.0,7.5,,0.3,24.3,3,1,,green_tripdata_2017-05.parquet
1,2017-05-17 18:20:18,2017-05-17 18:21:54,N,1,185,185,4,4.0,3.0,1.0,0.5,0.0,6.5,,0.3,11.3,3,1,,green_tripdata_2017-05.parquet
1,2017-05-19 19:11:19,2017-05-19 19:11:55,N,1,20,20,4,1.0,2.5,1.0,0.5,0.0,11.0,,0.3,15.3,3,1,,green_tripdata_2017-05.parquet
1,2017-05-22 15:57:06,2017-05-22 16:11:44,N,1,174,254,6,2.0,10.5,1.0,0.5,0.0,4.0,,0.3,16.3,3,1,,green_tripdata_2017-05.parquet
1,2017-05-22 17:12:43,2017-05-22 17:29:52,N,1,32,183,3,3.3,13.5,1.0,0.5,0.0,3.0,,0.3,18.3,3,1,,green_tripdata_2017-05.parquet
1,2017-05-23 16:27:09,2017-05-23 16:40:23,N,1,242,182,3,1.3,10.0,1.0,0.5,0.0,2.0,,0.3,13.8,3,1,,green_tripdata_2017-05.parquet
1,2017-01-20 18:37:47,2017-01-20 18:39:19,N,1,244,244,4,0.3,3.5,1.0,0.5,0.0,12.5,,0.3,17.8,3,1,,green_tripdata_2017-01.parquet
1,2017-06-01 17:27:13,2017-06-01 17:36:29,N,1,213,242,3,1.9,9.0,1.0,0.5,0.0,2.0,,0.3,12.8,3,1,,green_tripdata_2017-06.parquet
1,2017-07-28 17:51:18,2017-07-28 18:07:14,N,1,223,194,2,3.5,14.5,1.0,0.5,0.0,11.52,,0.3,27.82,4,1,,green_tripdata_2017-07.parquet
1,2017-09-19 16:29:14,2017-09-19 17:15:28,N,1,14,68,2,10.2,35.5,1.0,0.5,0.0,10.5,,0.3,47.8,3,1,,green_tripdata_2017-09.parquet
2,2017-05-22 19:41:18,2017-05-22 20:08:52,N,1,265,1,2,15.03,138.0,1.0,0.5,0.0,12.5,,0.0,152.0,2,2,,green_tripdata_2017-05.parquet
2,2017-12-12 16:52:55,2017-12-12 17:08:46,N,1,244,220,5,4.22,16.0,1.0,0.5,0.0,2.64,,0.3,20.44,1,1,,green_tripdata_2017-12.parquet
2,2017-11-17 17:43:04,2017-11-17 17:59:51,N,1,244,220,2,4.33,16.0,1.0,0.5,0.0,2.64,,0.3,20.44,1,1,,green_tripdata_2017-11.parquet
2,2017-04-11 18:36:44,2017-04-11 18:46:25,N,1,244,220,5,4.31,14.0,1.0,0.5,0.0,2.64,,0.3,18.44,2,1,,green_tripdata_2017-04.parquet
2,2017-04-25 19:09:24,2017-04-25 19:18:29,N,1,244,220,5,3.61,12.5,1.0,0.5,0.0,2.64,,0.3,16.94,2,1,,green_tripdata_2017-04.parquet
2,2017-10-04 19:01:05,2017-10-04 19:07:18,N,1,244,220,5,3.3,11.0,1.0,0.5,0.0,2.64,,0.3,15.44,2,1,,green_tripdata_2017-10.parquet
1,2017-10-18 16:30:19,2017-10-18 16:41:59,N,1,244,220,3,3.7,13.5,1.0,0.5,0.0,2.64,,0.3,17.94,2,1,,green_tripdata_2017-10.parquet
2,2017-10-20 17:38:48,2017-10-20 17:49:30,N,1,244,220,5,4.03,14.0,1.0,0.5,0.0,2.64,,0.3,18.44,2,1,,green_tripdata_2017-10.parquet
2,2017-10-23 18:16:35,2017-10-23 18:30:20,N,1,244,220,4,3.31,12.5,1.0,0.5,0.0,2.64,,0.3,16.94,2,1,,green_tripdata_2017-10.parquet
2,2017-07-06 16:57:10,2017-07-06 17:07:36,N,1,244,220,3,4.02,13.5,1.0,0.5,0.0,2.64,,0.3,17.94,2,1,,green_tripdata_2017-07.parquet
2,2017-07-17 18:16:39,2017-07-17 18:27:02,N,1,244,220,3,4.02,14.0,1.0,0.5,0.0,2.64,,0.3,18.44,2,1,,green_tripdata_2017-07.parquet
2,2017-07-27 19:43:08,2017-07-27 19:49:03,N,1,244,220,5,3.36,11.0,1.0,0.5,0.0,2.64,,0.3,15.44,2,1,,green_tripdata_2017-07.parquet
2,2017-12-26 19:10:39,2017-12-26 19:18:57,N,1,244,220,5,3.64,12.0,1.0,0.5,0.0,2.64,,0.3,16.44,2,1,,green_tripdata_2017-12.parquet
2,2017-11-06 19:38:30,2017-11-06 19:47:24,N,1,244,220,6,3.66,12.5,1.0,0.5,0.0,2.64,,0.3,16.94,2,1,,green_tripdata_2017-11.parquet
1,2017-04-10 16:54:05,2017-04-10 17:08:14,N,1,244,220,2,4.5,15.5,1.0,0.5,0.0,2.64,,0.3,19.94,2,1,,green_tripdata_2017-04.parquet
2,2017-05-10 16:22:55,2017-05-10 16:38:32,N,1,244,220,2,3.66,15.0,1.0,0.5,0.0,2.64,,0.3,19.44,2,1,,green_tripdata_2017-05.parquet
2,2017-05-17 18:32:26,2017-05-17 18:43:29,N,1,244,220,2,3.99,14.0,1.0,0.5,0.0,2.64,,0.3,18.44,2,1,,green_tripdata_2017-05.parquet
2,2017-05-23 16:28:55,2017-05-23 16:39:46,N,1,244,220,2,3.58,13.0,1.0,0.5,0.0,2.64,,0.3,17.44,2,1,,green_tripdata_2017-05.parquet
2,2017-10-13 17:08:39,2017-10-13 17:21:13,N,1,244,220,2,3.94,14.5,1.0,0.5,0.0,2.64,,0.3,18.94,2,1,,green_tripdata_2017-10.parquet
2,2017-07-25 16:42:15,2017-07-25 16:52:15,N,1,244,220,2,3.65,13.0,1.0,0.5,0.0,2.64,,0.3,17.44,2,1,,green_tripdata_2017-07.parquet
1,2017-07-31 16:34:07,2017-07-31 16:44:04,N,1,244,220,2,3.5,12.5,1.0,0.5,0.0,2.64,,0.3,16.94,2,1,,green_tripdata_2017-07.parquet
2,2017-09-07 18:46:28,2017-09-07 19:00:31,N,1,244,220,2,4.6,16.0,1.0,0.5,0.0,2.64,,0.3,20.44,2,1,,green_tripdata_2017-09.parquet
1,2017-09-29 16:13:14,2017-09-29 16:28:13,N,1,244,220,2,4.3,16.0,1.0,0.5,0.0,2.64,,0.3,20.44,2,1,,green_tripdata_2017-09.parquet
2,2017-11-06 18:08:35,2017-11-06 18:21:20,N,1,244,220,2,4.0,13.5,1.0,0.5,0.0,2.64,,0.3,17.94,2,1,,green_tripdata_2017-11.parquet
2,2017-11-17 17:12:21,2017-11-17 17:29:38,N,1,244,220,2,4.37,17.0,1.0,0.5,0.0,2.64,,0.3,21.44,2,1,,green_tripdata_2017-11.parquet
2,2017-11-30 19:14:42,2017-11-30 19:22:23,N,1,244,220,2,3.34,11.0,1.0,0.5,0.0,2.64,,0.3,15.44,2,1,,green_tripdata_2017-11.parquet
2,2017-04-18 16:04:26,2017-04-18 16:13:38,N,1,244,200,5,4.55,14.5,1.0,0.5,0.0,2.64,,0.3,18.94,2,1,,green_tripdata_2017-04.parquet
2,2017-07-06 16:05:46,2017-07-06 16:16:28,N,1,244,200,5,3.8,13.5,1.0,0.5,0.0,2.64,,0.3,17.94,2,1,,green_tripdata_2017-07.parquet
2,2017-07-11 17:15:10,2017-07-11 17:28:27,N,1,244,200,5,5.1,16.5,1.0,0.5,0.0,2.64,,0.3,20.94,2,1,,green_tripdata_2017-07.parquet
2,2017-07-20 19:15:37,2017-07-20 19:25:52,N,1,244,200,5,4.69,15.0,1.0,0.5,0.0,2.64,,0.3,19.44,2,1,,green_tripdata_2017-07.parquet
2,2017-07-25 18:35:22,2017-07-25 18:48:24,N,1,244,200,5,5.63,18.0,1.0,0.5,0.0,2.64,,0.3,22.44,2,1,,green_tripdata_2017-07.parquet
2,2017-09-06 17:22:52,2017-09-06 17:31:17,N,1,244,200,5,3.37,11.5,1.0,0.5,0.0,2.64,,0.3,15.94,2,1,,green_tripdata_2017-09.parquet
2,2017-09-13 19:43:43,2017-09-13 19:56:32,N,1,244,200,5,5.91,18.0,1.0,0.5,0.0,2.64,,0.3,22.44,2,1,,green_tripdata_2017-09.parquet
2,2017-09-25 17:43:00,2017-09-25 17:57:56,N,1,244,200,5,4.43,16.5,1.0,0.5,0.0,2.64,,0.3,20.94,2,1,,green_tripdata_2017-09.parquet
2,2017-11-02 18:10:42,2017-11-02 18:24:19,N,1,244,200,5,3.98,15.0,1.0,0.5,0.0,2.64,,0.3,19.44,2,1,,green_tripdata_2017-11.parquet
2,2017-06-19 18:21:45,2017-06-19 18:35:47,N,1,244,200,3,5.87,18.5,1.0,0.5,0.0,2.64,,0.3,22.94,2,1,,green_tripdata_2017-06.parquet
2,2017-07-26 16:06:54,2017-07-26 16:23:43,N,1,244,200,2,4.46,17.5,1.0,0.5,0.0,2.64,,0.3,21.94,2,1,,green_tripdata_2017-07.parquet
2,2017-12-05 18:29:07,2017-12-05 18:41:30,N,1,244,200,2,5.87,17.5,1.0,0.5,0.0,2.64,,0.3,21.94,2,1,,green_tripdata_2017-12.parquet
2,2017-12-11 16:23:51,2017-12-11 16:37:46,N,1,244,200,2,5.87,18.5,1.0,0.5,0.0,2.64,,0.3,22.94,2,1,,green_tripdata_2017-12.parquet
2,2017-12-13 19:36:21,2017-12-13 19:47:55,N,1,244,200,3,5.02,16.0,1.0,0.5,0.0,2.64,,0.3,20.44,2,1,,green_tripdata_2017-12.parquet
2,2017-09-21 17:42:26,2017-09-21 17:52:43,N,1,244,200,3,4.72,15.0,1.0,0.5,0.0,2.64,,0.3,19.44,2,1,,green_tripdata_2017-09.parquet
2,2017-09-28 16:44:25,2017-09-28 17:02:50,N,1,244,200,2,4.33,18.5,1.0,0.5,0.0,2.64,,0.3,22.94,2,1,,green_tripdata_2017-09.parquet
2,2017-11-06 16:05:41,2017-11-06 16:15:30,N,1,244,200,2,4.61,14.5,1.0,0.5,0.0,2.64,,0.3,18.94,2,1,,green_tripdata_2017-11.parquet
2,2017-03-31 18:10:57,2017-03-31 18:30:46,N,1,244,174,2,8.1,25.0,1.0,0.5,0.0,2.64,,0.3,29.44,1,1,,green_tripdata_2017-03.parquet
2,2017-04-11 18:45:37,2017-04-11 19:02:05,N,1,244,265,3,7.06,22.0,1.0,0.5,0.0,2.64,,0.3,26.44,2,1,,green_tripdata_2017-04.parquet
2,2017-05-01 16:30:53,2017-05-01 16:48:20,N,1,244,265,4,6.29,20.5,1.0,0.5,0.0,2.64,,0.3,24.94,1,1,,green_tripdata_2017-05.parquet
1,2017-05-19 17:03:01,2017-05-19 17:45:31,N,1,244,174,2,7.8,31.0,1.0,0.5,0.0,2.64,,0.3,35.44,2,1,,green_tripdata_2017-05.parquet
2,2017-05-30 16:44:29,2017-05-30 17:19:49,N,4,244,265,3,16.71,72.0,1.0,0.5,0.0,2.64,,0.3,76.44,2,1,,green_tripdata_2017-05.parquet
1,2017-10-19 18:57:33,2017-10-19 19:14:50,N,1,244,174,2,7.9,23.5,1.0,0.5,0.0,2.64,,0.3,27.94,3,1,,green_tripdata_2017-10.parquet
2,2017-07-13 18:49:51,2017-07-13 19:06:04,N,1,244,265,5,6.92,21.0,1.0,0.5,0.0,2.64,,0.3,25.44,2,1,,green_tripdata_2017-07.parquet
2,2017-07-26 19:15:31,2017-07-26 19:42:20,N,4,244,265,5,16.34,69.0,1.0,0.5,0.0,2.64,,0.3,73.44,1,1,,green_tripdata_2017-07.parquet
2,2017-12-28 17:54:58,2017-12-28 18:07:22,N,1,244,241,2,4.5,15.0,1.0,0.5,0.0,2.64,,0.3,19.44,2,1,,green_tripdata_2017-12.parquet
1,2017-12-06 17:21:12,2017-12-06 18:04:43,N,4,244,265,3,17.1,76.0,1.0,0.5,0.0,2.64,,0.3,80.44,2,1,,green_tripdata_2017-12.parquet
2,2017-09-08 16:57:01,2017-09-08 17:14:40,N,1,244,244,3,7.78,23.0,1.0,0.5,0.0,2.64,,0.3,27.44,2,1,,green_tripdata_2017-09.parquet
2,2017-11-29 17:40:37,2017-11-29 18:13:24,N,1,244,265,5,9.55,31.0,1.0,0.5,0.0,2.64,,0.3,35.44,1,1,,green_tripdata_2017-11.parquet
2,2017-04-14 18:02:23,2017-04-14 18:38:34,N,1,31,43,2,15.86,47.0,1.0,0.5,0.0,2.64,,0.3,51.44,2,1,,green_tripdata_2017-04.parquet
2,2017-05-02 17:12:48,2017-05-02 18:14:44,N,1,31,48,2,15.44,53.0,1.0,0.5,0.0,2.64,,0.3,57.44,2,1,,green_tripdata_2017-05.parquet
2,2017-05-31 17:57:03,2017-05-31 18:35:40,N,1,31,186,5,16.67,49.5,1.0,0.5,0.0,2.64,,0.3,53.94,2,1,,green_tripdata_2017-05.parquet
2,2017-10-19 19:49:50,2017-10-19 20:19:42,N,1,31,143,5,14.5,41.0,1.0,0.5,0.0,2.64,,0.3,45.44,2,1,,green_tripdata_2017-10.parquet
2,2017-10-20 18:18:29,2017-10-20 19:02:19,N,1,31,50,5,15.54,46.0,1.0,0.5,0.0,2.64,,0.3,50.44,1,1,,green_tripdata_2017-10.parquet
2,2017-07-07 18:05:29,2017-07-07 18:37:03,N,1,31,143,5,14.57,42.0,1.0,0.5,0.0,2.64,,0.3,46.44,1,1,,green_tripdata_2017-07.parquet
2,2017-07-11 16:08:08,2017-07-11 16:55:16,N,1,31,107,6,17.87,54.0,1.0,0.5,0.0,2.64,,0.3,58.44,2,1,,green_tripdata_2017-07.parquet
2,2017-07-25 16:40:12,2017-07-25 17:13:22,N,1,31,48,5,15.35,45.5,1.0,0.5,0.0,2.64,,0.3,49.94,2,1,,green_tripdata_2017-07.parquet
2,2017-12-26 16:37:21,2017-12-26 16:56:09,N,1,31,243,2,7.86,23.0,1.0,0.5,0.0,2.64,,0.3,27.44,1,1,,green_tripdata_2017-12.parquet
2,2017-04-13 19:58:21,2017-04-13 20:21:01,N,1,74,240,4,9.31,28.5,1.0,0.5,0.0,2.64,,0.3,32.94,2,1,,green_tripdata_2017-04.parquet
2,2017-10-25 18:52:42,2017-10-25 19:16:24,N,1,41,241,6,10.01,30.5,1.0,0.5,0.0,2.64,,0.3,34.94,1,1,,green_tripdata_2017-10.parquet
2,2017-12-08 16:40:16,2017-12-08 17:00:37,N,1,174,128,5,7.0,22.0,1.0,0.5,0.0,2.64,,0.3,26.44,2,1,,green_tripdata_2017-12.parquet
2,2017-12-15 17:41:50,2017-12-15 19:29:29,N,1,81,163,5,18.22,75.0,1.0,0.5,0.0,2.64,,0.3,79.44,1,1,,green_tripdata_2017-12.parquet
2,2017-12-22 19:38:44,2017-12-22 19:54:04,N,1,174,243,5,8.44,24.5,1.0,0.5,0.0,2.64,,0.3,28.94,2,1,,green_tripdata_2017-12.parquet
2,2017-12-29 17:34:15,2017-12-29 18:14:52,N,1,241,186,5,15.21,46.0,1.0,0.5,0.0,2.64,,0.3,55.39,1,1,,green_tripdata_2017-12.parquet
1,2017-11-05 16:21:15,2017-11-05 16:21:15,N,1,41,264,4,0.0,34.5,1.0,0.5,0.0,2.64,,0.3,38.94,2,1,,green_tripdata_2017-11.parquet
2,2017-11-21 17:54:43,2017-11-21 18:47:42,N,1,166,174,5,10.01,42.0,1.0,0.5,0.0,2.64,,0.3,46.44,2,1,,green_tripdata_2017-11.parquet
1,2017-03-21 18:44:54,2017-03-21 18:59:11,N,1,243,200,2,5.5,17.5,1.0,0.5,0.0,2.64,,0.3,21.94,2,1,,green_tripdata_2017-03.parquet
2,2017-04-07 17:20:58,2017-04-07 17:51:14,N,1,75,200,5,9.9,30.5,1.0,0.5,0.0,2.64,,0.3,34.94,2,1,,green_tripdata_2017-04.parquet
1,2017-04-21 18:08:34,2017-04-21 18:17:35,N,1,127,200,4,3.6,12.5,1.0,0.5,0.0,2.64,,0.3,16.94,2,1,,green_tripdata_2017-04.parquet
2,2017-05-25 17:22:58,2017-05-25 17:31:27,N,1,127,200,5,2.79,10.5,1.0,0.5,0.0,2.64,,0.3,14.94,2,1,,green_tripdata_2017-05.parquet
2,2017-10-05 18:47:48,2017-10-05 19:03:45,N,1,166,200,5,7.41,22.5,1.0,0.5,0.0,2.64,,0.3,26.94,1,1,,green_tripdata_2017-10.parquet
2,2017-07-20 18:43:15,2017-07-20 19:10:32,N,1,75,200,2,9.28,28.0,1.0,0.5,0.0,2.64,,0.3,32.44,2,1,,green_tripdata_2017-07.parquet
1,2017-07-22 19:02:23,2017-07-22 19:21:13,N,1,152,200,3,6.5,21.0,1.0,0.5,0.0,2.64,,0.3,25.44,2,1,,green_tripdata_2017-07.parquet
2,2017-07-27 18:03:25,2017-07-27 18:18:18,N,1,243,200,3,4.1,15.0,1.0,0.5,0.0,2.64,,0.3,19.44,2,1,,green_tripdata_2017-07.parquet
2,2017-09-25 19:00:13,2017-09-25 19:13:55,N,1,116,200,5,5.82,18.5,1.0,0.5,0.0,2.64,,0.3,22.94,2,1,,green_tripdata_2017-09.parquet
2,2017-11-03 16:04:55,2017-11-03 16:45:33,N,1,74,200,2,9.07,33.0,1.0,0.5,0.0,2.64,,0.3,37.44,2,1,,green_tripdata_2017-11.parquet
2,2017-11-27 16:21:55,2017-11-27 16:59:14,N,1,75,200,2,9.87,33.0,1.0,0.0,0.0,2.64,,0.0,36.64,2,2,,green_tripdata_2017-11.parquet
1,2017-03-23 18:06:50,2017-03-23 18:22:21,N,1,116,220,3,5.6,18.5,1.0,0.5,0.0,2.64,,0.3,22.94,2,1,,green_tripdata_2017-03.parquet
2,2017-03-30 17:41:23,2017-03-30 18:06:18,N,1,74,220,5,7.13,24.5,1.0,0.5,0.0,2.64,,0.3,28.94,2,1,,green_tripdata_2017-03.parquet
2,2017-04-11 19:24:49,2017-04-11 19:38:35,N,1,166,220,2,6.57,19.5,1.0,0.5,0.0,2.64,,0.3,23.94,2,1,,green_tripdata_2017-04.parquet
2,2017-04-07 17:05:19,2017-04-07 17:33:09,N,1,75,220,3,8.87,28.0,1.0,0.5,0.0,2.64,,0.3,32.44,2,1,,green_tripdata_2017-04.parquet
2,2017-04-26 19:35:34,2017-04-26 19:51:46,N,1,166,220,3,6.07,19.5,1.0,0.5,0.0,2.64,,0.3,23.94,2,1,,green_tripdata_2017-04.parquet
2,2017-05-02 17:08:40,2017-05-02 17:26:13,N,1,116,220,4,5.38,18.5,1.0,0.5,0.0,2.64,,0.3,22.94,2,1,,green_tripdata_2017-05.parquet
1,2017-05-16 18:45:50,2017-05-16 19:16:14,N,1,75,220,2,8.9,28.5,1.0,0.5,0.0,2.64,,0.3,32.94,2,1,,green_tripdata_2017-05.parquet
2,2017-10-02 17:08:30,2017-10-02 17:35:15,N,1,166,220,4,5.57,24.5,1.0,0.5,0.0,2.64,,0.3,28.94,2,1,,green_tripdata_2017-10.parquet
2,2017-10-04 19:19:33,2017-10-04 19:36:29,N,1,166,220,5,6.67,22.0,1.0,0.5,0.0,2.64,,0.3,26.44,2,1,,green_tripdata_2017-10.parquet
1,2017-12-01 17:25:49,2017-12-01 18:01:08,N,1,166,220,3,7.2,27.5,1.0,0.5,0.0,2.64,,0.3,31.94,2,1,,green_tripdata_2017-12.parquet
1,2017-12-03 17:19:48,2017-12-03 17:33:09,N,1,116,220,2,4.6,16.0,1.0,0.5,0.0,2.64,,0.3,20.44,2,1,,green_tripdata_2017-12.parquet
2,2017-12-27 16:29:29,2017-12-27 16:41:12,N,1,243,220,3,4.29,14.5,1.0,0.5,0.0,2.64,,0.3,18.94,2,1,,green_tripdata_2017-12.parquet
2,2017-09-12 17:58:20,2017-09-12 18:19:31,N,1,166,220,2,6.93,22.0,1.0,0.5,0.0,2.64,,0.3,26.44,2,1,,green_tripdata_2017-09.parquet
2,2017-11-08 18:15:33,2017-11-08 18:49:01,N,1,75,220,3,9.06,28.5,1.0,0.5,0.0,2.64,,0.3,32.94,2,1,,green_tripdata_2017-11.parquet
2,2017-11-13 16:35:24,2017-11-13 17:07:58,N,1,41,220,6,7.53,28.0,1.0,0.5,0.0,2.64,,0.3,32.44,2,1,,green_tripdata_2017-11.parquet
1,2017-04-25 17:26:19,2017-04-25 18:07:22,N,1,75,220,3,7.7,31.5,1.0,0.5,0.0,2.64,,0.3,35.94,1,1,,green_tripdata_2017-04.parquet
2,2017-07-12 19:42:44,2017-07-12 19:54:58,N,1,116,220,2,5.33,17.0,1.0,0.5,0.0,2.64,,0.3,21.44,1,1,,green_tripdata_2017-07.parquet
2,2017-12-27 18:39:58,2017-12-27 18:57:24,N,1,152,220,3,9.6,27.0,1.0,0.5,0.0,2.64,,0.3,31.44,1,1,,green_tripdata_2017-12.parquet
2,2017-11-16 19:47:02,2017-11-16 20:03:40,N,1,42,220,2,6.62,21.0,1.0,0.5,0.0,2.64,,0.3,25.44,1,1,,green_tripdata_2017-11.parquet
2,2017-03-03 04:01:40,2017-03-03 04:49:35,N,3,166,1,2,24.89,87.0,0.5,0.0,0.0,10.5,,0.3,98.3,2,1,,green_tripdata_2017-03.parquet
1,2017-03-09 03:50:38,2017-03-09 04:50:56,N,3,89,1,2,22.5,88.0,0.5,0.0,0.0,10.5,,0.3,99.3,2,1,,green_tripdata_2017-03.parquet
2,2017-06-13 21:03:07,2017-06-13 21:53:01,N,3,130,1,2,26.43,90.0,0.5,0.0,0.0,10.5,,0.3,101.3,1,1,,green_tripdata_2017-06.parquet
2,2017-06-26 04:30:06,2017-06-26 05:04:13,N,3,152,1,2,21.14,75.0,0.5,0.0,0.0,10.5,,0.3,86.3,1,1,,green_tripdata_2017-06.parquet
1,2017-10-28 05:42:38,2017-10-28 06:10:05,N,3,243,1,2,23.3,78.5,0.5,0.0,0.0,10.5,,0.3,89.8,2,1,,green_tripdata_2017-10.parquet
2,2017-07-16 05:58:13,2017-07-16 06:23:43,N,3,189,1,5,15.73,61.0,0.5,0.0,0.0,10.5,,0.3,72.3,2,1,,green_tripdata_2017-07.parquet
1,2017-12-21 05:35:14,2017-12-21 06:12:05,N,3,166,1,2,20.0,73.0,0.5,0.0,0.0,10.5,,0.3,84.3,2,1,,green_tripdata_2017-12.parquet
2,2017-12-04 20:14:44,2017-12-04 21:14:06,N,3,75,1,6,33.22,104.0,0.5,0.0,0.0,10.5,,0.3,115.3,2,1,,green_tripdata_2017-12.parquet
2,2017-09-13 04:18:53,2017-09-13 05:05:35,N,3,193,1,5,24.11,83.5,0.5,0.0,0.0,10.5,,0.3,94.8,2,1,,green_tripdata_2017-09.parquet
2,2017-09-20 22:16:23,2017-09-20 22:51:40,N,3,256,1,2,16.48,65.0,0.5,0.0,0.0,10.5,,0.3,76.3,2,1,,green_tripdata_2017-09.parquet
2,2017-11-26 22:31:18,2017-11-26 23:08:19,N,3,166,1,5,20.81,75.0,0.5,0.0,0.0,10.5,,0.3,86.3,1,1,,green_tripdata_2017-11.parquet
1,2017-04-01 05:09:45,2017-04-01 06:00:09,N,3,41,265,2,27.1,94.0,0.5,0.0,0.0,10.5,,0.3,105.3,1,1,,green_tripdata_2017-04.parquet
2,2017-04-08 22:29:22,2017-04-08 22:38:14,N,3,244,265,2,3.06,28.5,0.5,0.0,0.0,10.5,,0.3,39.8,1,1,,green_tripdata_2017-04.parquet
2,2017-04-13 22:26:17,2017-04-13 23:20:42,N,3,41,265,3,23.07,84.5,0.5,0.0,0.0,10.5,,0.3,95.8,2,1,,green_tripdata_2017-04.parquet
1,2017-02-18 23:27:22,2017-02-19 00:10:00,N,3,256,265,2,10.7,54.5,0.5,0.0,0.0,10.5,,0.3,65.8,2,1,,green_tripdata_2017-02.parquet
2,2017-12-15 22:51:41,2017-12-15 23:15:31,N,3,97,265,2,6.43,39.5,0.5,0.0,0.0,10.5,,0.3,50.8,2,1,,green_tripdata_2017-12.parquet
2,2017-09-11 20:40:35,2017-09-11 21:11:04,N,3,25,265,2,11.88,53.5,0.5,0.0,0.0,10.5,,0.3,64.8,2,1,,green_tripdata_2017-09.parquet
1,2017-01-12 21:19:18,2017-01-12 21:54:26,N,3,40,1,4,16.3,64.0,0.5,0.0,0.0,21.0,,0.3,85.8,2,1,,green_tripdata_2017-01.parquet
1,2017-10-28 21:41:07,2017-10-28 22:14:06,N,3,33,1,4,24.4,81.0,0.5,0.0,0.0,33.2,,0.3,115.0,1,1,,green_tripdata_2017-10.parquet
2,2017-10-03 05:54:53,2017-10-03 06:11:11,N,1,256,61,2,4.42,16.0,0.5,0.0,0.0,0.8,,0.0,17.3,1,2,,green_tripdata_2017-10.parquet
2,2017-05-28 22:10:58,2017-05-29 01:05:05,N,4,85,61,2,63.2,327.5,0.5,0.5,0.0,32.52,,0.3,361.32,1,1,,green_tripdata_2017-05.parquet
2,2017-10-01 21:15:50,2017-10-01 22:21:14,N,4,256,1,5,24.72,111.5,0.5,0.5,0.0,10.5,,0.3,123.3,2,1,,green_tripdata_2017-10.parquet
2,2017-12-10 04:45:15,2017-12-10 05:24:53,N,4,134,1,2,26.98,102.0,0.5,0.5,0.0,16.26,,0.3,119.56,1,1,,green_tripdata_2017-12.parquet
2,2017-03-09 21:37:35,2017-03-09 22:07:29,N,4,75,265,5,12.75,41.5,0.5,0.5,0.0,2.54,,0.3,45.34,1,1,,green_tripdata_2017-03.parquet
2,2017-03-13 01:56:45,2017-03-13 02:24:28,N,4,129,265,2,14.53,49.5,0.5,0.5,0.0,16.04,,0.3,66.84,2,1,,green_tripdata_2017-03.parquet
2,2017-02-20 23:48:52,2017-02-20 23:58:49,N,4,127,265,2,5.12,17.5,0.5,0.5,0.0,2.54,,0.3,21.34,2,1,,green_tripdata_2017-02.parquet
2,2017-07-09 23:00:19,2017-07-10 02:02:28,N,4,55,265,2,109.09,446.5,0.5,0.5,0.0,22.02,,0.3,469.82,2,1,,green_tripdata_2017-07.parquet
2,2017-07-28 00:46:51,2017-07-28 03:19:27,N,4,95,265,2,81.77,403.5,0.5,0.5,0.0,16.26,,0.3,421.06,1,1,,green_tripdata_2017-07.parquet
2,2017-07-30 05:20:37,2017-07-30 05:46:38,N,4,7,265,4,12.6,42.5,0.5,0.5,0.0,16.26,,0.3,60.06,2,1,,green_tripdata_2017-07.parquet
2,2017-12-15 03:19:22,2017-12-15 04:02:50,N,4,76,265,5,28.84,89.5,0.5,0.5,0.0,22.02,,0.3,114.77,1,1,,green_tripdata_2017-12.parquet
1,2017-09-05 22:06:34,2017-09-05 22:37:14,N,4,93,265,2,18.9,66.5,0.5,0.5,0.0,11.52,,0.3,79.32,2,1,,green_tripdata_2017-09.parquet
2,2017-11-04 22:54:54,2017-11-04 23:16:07,N,4,82,265,6,14.84,43.0,0.5,0.5,0.0,8.5,,0.3,52.8,2,1,,green_tripdata_2017-11.parquet
2,2017-11-05 03:49:28,2017-11-05 05:31:44,N,4,82,265,2,45.54,193.5,0.5,0.5,0.0,16.26,,0.3,211.06,1,1,,green_tripdata_2017-11.parquet
2,2017-01-06 03:22:50,2017-01-06 04:10:36,N,4,119,265,2,22.33,106.5,0.5,0.5,0.0,10.5,,0.3,122.2,2,1,,green_tripdata_2017-01.parquet
2,2017-01-22 05:39:49,2017-01-22 06:22:11,N,4,92,265,2,21.42,77.0,0.5,0.5,0.0,10.5,,0.3,88.8,2,1,,green_tripdata_2017-01.parquet
2,2017-06-10 22:29:14,2017-06-10 23:42:56,N,4,129,265,2,41.65,131.5,0.5,0.5,0.0,10.5,,0.3,143.3,1,1,,green_tripdata_2017-06.parquet
2,2017-10-29 22:27:43,2017-10-29 22:47:34,N,4,116,265,2,9.17,41.0,0.5,0.5,0.0,10.5,,0.3,54.75,1,1,,green_tripdata_2017-10.parquet
2,2017-07-06 03:12:15,2017-07-06 03:57:15,N,4,37,265,2,20.56,89.5,0.5,0.5,0.0,10.5,,0.3,103.25,2,1,,green_tripdata_2017-07.parquet
2,2017-07-27 21:18:37,2017-07-27 21:40:52,N,4,41,265,2,6.83,25.0,0.5,0.5,0.0,10.5,,0.3,36.8,2,1,,green_tripdata_2017-07.parquet
2,2017-09-04 01:57:23,2017-09-04 02:21:29,N,4,244,265,2,7.05,30.0,0.5,0.5,0.0,10.5,,0.3,41.8,2,1,,green_tripdata_2017-09.parquet
2,2017-09-04 20:22:59,2017-09-04 21:03:38,N,4,33,265,2,13.08,61.0,0.5,0.5,0.0,10.5,,0.3,72.8,2,1,,green_tripdata_2017-09.parquet
2,2017-09-08 21:56:50,2017-09-09 00:00:00,N,4,93,265,2,15.82,55.0,0.5,0.5,0.0,10.5,,0.3,66.8,2,1,,green_tripdata_2017-09.parquet
2,2017-11-16 04:27:24,2017-11-16 05:51:16,N,4,37,265,2,26.29,136.0,0.5,0.5,0.0,10.5,,0.3,147.8,1,1,,green_tripdata_2017-11.parquet
2,2017-03-11 03:44:11,2017-03-11 05:07:33,N,4,256,265,5,40.38,195.5,0.5,0.5,0.0,10.5,,0.3,207.3,1,1,,green_tripdata_2017-03.parquet
2,2017-04-08 01:23:33,2017-04-08 02:18:01,N,4,7,265,5,27.83,129.0,0.5,0.5,0.0,10.5,,0.3,140.8,1,1,,green_tripdata_2017-04.parquet
2,2017-05-07 03:00:42,2017-05-07 03:21:05,N,4,112,265,5,7.32,26.5,0.5,0.5,0.0,10.5,,0.3,38.3,2,1,,green_tripdata_2017-05.parquet
2,2017-01-21 05:05:31,2017-01-21 05:41:26,N,4,145,265,6,12.77,47.0,0.5,0.5,0.0,10.5,,0.3,58.8,2,1,,green_tripdata_2017-01.parquet
2,2017-06-01 23:06:22,2017-06-01 23:43:06,N,4,223,265,5,15.29,50.5,0.5,0.5,0.0,10.5,,0.3,62.3,2,1,,green_tripdata_2017-06.parquet
2,2017-06-26 23:39:45,2017-06-27 00:25:21,N,4,255,265,3,17.96,59.0,0.5,0.5,0.0,10.5,,0.3,70.8,2,1,,green_tripdata_2017-06.parquet
2,2017-07-28 01:15:04,2017-07-28 01:51:26,N,4,97,265,5,7.95,36.5,0.5,0.5,0.0,10.5,,0.3,48.3,2,1,,green_tripdata_2017-07.parquet
2,2017-12-17 03:36:09,2017-12-17 04:10:43,N,4,131,265,6,18.47,56.0,0.5,0.5,0.0,10.5,,0.3,67.8,1,1,,green_tripdata_2017-12.parquet
2,2017-12-28 02:15:08,2017-12-28 02:51:05,N,4,97,265,5,18.2,84.0,0.5,0.5,0.0,10.5,,0.3,95.8,2,1,,green_tripdata_2017-12.parquet
2,2017-09-10 03:04:48,2017-09-11 02:43:32,N,4,255,265,6,34.42,146.0,0.5,0.5,0.0,10.5,,0.3,157.8,1,1,,green_tripdata_2017-09.parquet
2,2017-03-27 20:10:28,2017-03-27 20:23:29,N,1,244,220,3,3.96,13.5,0.5,0.5,0.0,2.64,,0.3,17.44,2,1,,green_tripdata_2017-03.parquet
2,2017-04-18 20:24:30,2017-04-18 20:32:16,N,1,244,220,4,3.67,12.0,0.5,0.5,0.0,2.64,,0.3,15.94,2,1,,green_tripdata_2017-04.parquet
2,2017-05-01 22:14:34,2017-05-01 22:23:24,N,1,244,220,2,3.69,12.5,0.5,0.5,0.0,2.64,,0.3,16.44,2,1,,green_tripdata_2017-05.parquet
2,2017-05-19 22:51:48,2017-05-19 23:00:09,N,1,244,220,2,3.84,12.5,0.5,0.5,0.0,2.64,,0.3,16.44,2,1,,green_tripdata_2017-05.parquet
1,2017-05-29 20:27:22,2017-05-29 20:37:20,N,1,244,220,2,4.3,13.5,0.5,0.5,0.0,2.64,,0.3,17.44,2,1,,green_tripdata_2017-05.parquet
2,2017-06-14 21:05:49,2017-06-14 21:14:18,N,1,244,220,2,3.05,11.0,0.5,0.5,0.0,2.64,,0.3,14.94,2,1,,green_tripdata_2017-06.parquet
1,2017-06-25 16:29:41,2017-06-25 16:39:52,Y,1,244,220,3,3.6,12.5,0.5,0.5,0.0,2.64,,0.3,16.44,2,1,,green_tripdata_2017-06.parquet
2,2017-06-29 01:32:22,2017-06-29 01:38:35,N,1,244,220,2,3.69,12.0,0.5,0.5,0.0,2.64,,0.3,15.94,2,1,,green_tripdata_2017-06.parquet
2,2017-10-27 21:27:34,2017-10-27 21:38:13,N,1,244,220,3,3.57,12.5,0.5,0.5,0.0,2.64,,0.3,16.44,2,1,,green_tripdata_2017-10.parquet
2,2017-07-09 21:30:08,2017-07-09 21:42:34,N,1,244,220,2,4.67,15.5,0.5,0.5,0.0,2.64,,0.3,19.44,2,1,,green_tripdata_2017-07.parquet
2,2017-07-27 23:51:10,2017-07-27 23:58:53,N,1,244,220,4,3.53,11.5,0.5,0.5,0.0,2.64,,0.3,15.44,2,1,,green_tripdata_2017-07.parquet
2,2017-07-30 20:20:47,2017-07-30 20:38:02,N,1,244,220,2,4.35,16.5,0.5,0.5,0.0,2.64,,0.3,20.44,2,1,,green_tripdata_2017-07.parquet
2,2017-09-04 22:18:16,2017-09-04 22:26:05,N,1,244,220,2,3.94,12.5,0.5,0.5,0.0,2.64,,0.3,16.44,2,1,,green_tripdata_2017-09.parquet
2,2017-09-26 20:03:53,2017-09-26 20:11:20,N,1,244,220,2,3.62,12.0,0.5,0.5,0.0,2.64,,0.3,15.94,2,1,,green_tripdata_2017-09.parquet
1,2017-04-01 14:37:48,2017-04-01 14:46:30,N,1,243,220,3,2.9,10.0,0.5,0.5,0.0,2.64,,0.3,13.94,2,1,,green_tripdata_2017-04.parquet
2,2017-04-15 23:43:29,2017-04-16 00:05:15,N,1,74,220,5,7.89,25.0,0.5,0.5,0.0,2.64,,0.3,28.94,1,1,,green_tripdata_2017-04.parquet
1,2017-04-27 22:49:54,2017-04-27 22:58:20,N,1,127,220,3,2.5,10.0,0.5,0.5,0.0,2.64,,0.3,13.94,1,1,,green_tripdata_2017-04.parquet
2,2017-10-02 22:06:15,2017-10-02 22:32:11,N,1,166,220,3,5.83,23.0,0.5,0.5,0.0,2.64,,0.3,26.94,2,1,,green_tripdata_2017-10.parquet
1,2017-12-17 00:38:26,2017-12-17 00:48:02,N,1,127,220,3,3.1,11.5,0.5,0.5,0.0,2.64,,0.3,15.44,2,1,,green_tripdata_2017-12.parquet
2,2017-09-15 01:02:30,2017-09-15 01:18:25,N,1,42,220,3,6.06,20.5,0.5,0.5,0.0,2.64,,0.3,24.44,2,1,,green_tripdata_2017-09.parquet
1,2017-10-30 22:16:56,2017-10-30 22:42:17,N,1,75,220,2,9.9,30.0,0.5,0.5,0.0,2.64,,0.3,33.94,3,1,,green_tripdata_2017-10.parquet
2,2017-07-22 20:29:07,2017-07-22 20:44:14,N,1,116,220,2,5.82,19.0,0.5,0.5,0.0,2.64,,0.3,22.94,1,1,,green_tripdata_2017-07.parquet
2,2017-07-27 03:36:19,2017-07-27 03:45:49,N,1,116,220,2,4.78,15.0,0.5,0.5,0.0,2.64,,0.3,18.94,1,1,,green_tripdata_2017-07.parquet
2,2017-09-03 23:04:54,2017-09-03 23:43:33,N,1,256,220,2,16.67,49.0,0.5,0.5,0.0,2.64,,0.3,52.94,1,1,,green_tripdata_2017-09.parquet
2,2017-11-15 20:24:58,2017-11-15 20:42:53,N,1,42,220,2,6.42,20.5,0.5,0.5,0.0,2.64,,0.3,24.44,1,1,,green_tripdata_2017-11.parquet
1,2017-04-04 21:36:38,2017-04-04 22:17:02,N,1,25,220,2,16.3,48.0,0.5,0.5,0.0,2.64,,0.3,51.94,2,1,,green_tripdata_2017-04.parquet
1,2017-04-26 21:12:17,2017-04-26 21:28:47,N,1,247,220,2,5.5,18.5,0.5,0.5,0.0,2.64,,0.3,22.44,2,1,,green_tripdata_2017-04.parquet
1,2017-05-13 21:26:32,2017-05-13 22:07:29,N,1,25,220,2,17.7,49.5,0.5,0.5,0.0,2.64,,0.3,53.44,2,1,,green_tripdata_2017-05.parquet
2,2017-06-09 21:55:58,2017-06-09 22:29:19,N,1,24,220,2,7.24,27.5,0.5,0.5,0.0,2.64,,0.3,31.44,2,1,,green_tripdata_2017-06.parquet
2,2017-10-05 22:39:31,2017-10-05 22:54:55,N,1,74,220,2,7.18,21.5,0.5,0.5,0.0,2.64,,0.3,25.44,2,1,,green_tripdata_2017-10.parquet
2,2017-10-24 21:25:37,2017-10-24 21:38:00,N,1,243,220,2,4.7,15.5,0.5,0.5,0.0,2.64,,0.3,19.44,2,1,,green_tripdata_2017-10.parquet
2,2017-07-01 22:48:27,2017-07-01 23:00:23,N,1,152,220,2,6.05,18.5,0.5,0.5,0.0,2.64,,0.3,22.44,2,1,,green_tripdata_2017-07.parquet
1,2017-07-29 22:36:59,2017-07-29 22:53:58,N,1,74,220,2,7.0,21.5,0.5,0.5,0.0,2.64,,0.3,25.44,2,1,,green_tripdata_2017-07.parquet
2,2017-12-06 21:01:36,2017-12-06 21:10:33,N,1,243,220,2,2.83,11.0,0.5,0.5,0.0,2.64,,0.3,14.94,2,1,,green_tripdata_2017-12.parquet
2,2017-09-20 20:58:26,2017-09-20 21:04:45,N,1,243,220,2,2.91,10.0,0.5,0.5,0.0,2.64,,0.3,13.94,2,1,,green_tripdata_2017-09.parquet
2,2017-09-20 23:11:55,2017-09-20 23:23:02,N,1,166,220,2,6.2,18.5,0.5,0.5,0.0,2.64,,0.3,22.44,2,1,,green_tripdata_2017-09.parquet
2,2017-11-08 20:47:40,2017-11-08 21:01:18,N,1,116,220,2,6.61,20.0,0.5,0.5,0.0,2.64,,0.3,23.94,2,1,,green_tripdata_2017-11.parquet
2,2017-11-18 23:17:32,2017-11-18 23:36:27,N,1,75,220,2,9.01,27.0,0.5,0.5,0.0,2.64,,0.3,30.94,2,1,,green_tripdata_2017-11.parquet
1,2017-04-16 23:23:13,2017-04-16 23:31:32,N,1,243,200,2,4.0,13.0,0.5,0.5,0.0,2.64,,0.3,16.94,2,1,,green_tripdata_2017-04.parquet
2,2017-04-02 22:09:26,2017-04-02 22:49:09,N,1,181,200,2,18.5,53.0,0.5,0.5,0.0,2.64,,0.3,56.94,2,1,,green_tripdata_2017-04.parquet
1,2017-04-27 20:32:57,2017-04-27 20:54:48,N,1,42,200,2,8.1,24.5,0.5,0.5,0.0,2.64,,0.3,28.44,2,1,,green_tripdata_2017-04.parquet
2,2017-05-04 21:21:56,2017-05-04 21:38:53,N,1,166,200,2,7.08,22.0,0.5,0.5,0.0,2.64,,0.3,25.94,2,1,,green_tripdata_2017-05.parquet
2,2017-05-23 21:00:10,2017-05-23 21:22:26,N,1,75,200,2,9.46,28.5,0.5,0.5,0.0,2.64,,0.3,32.44,2,1,,green_tripdata_2017-05.parquet
1,2017-06-10 22:23:35,2017-06-10 22:31:14,N,1,127,200,2,3.6,11.5,0.5,0.5,0.0,2.64,,0.3,15.44,2,1,,green_tripdata_2017-06.parquet
2,2017-06-23 23:20:29,2017-06-23 23:46:17,N,1,166,200,2,8.87,27.5,0.5,0.5,0.0,2.64,,0.3,31.44,2,1,,green_tripdata_2017-06.parquet
2,2017-12-25 21:06:50,2017-12-25 21:25:37,N,1,41,200,2,7.98,24.5,0.5,0.5,0.0,2.64,,0.3,28.44,2,1,,green_tripdata_2017-12.parquet
2,2017-09-19 21:36:42,2017-09-19 21:54:27,N,1,166,200,2,8.42,24.5,0.5,0.5,0.0,2.64,,0.3,28.44,2,1,,green_tripdata_2017-09.parquet
2,2017-04-18 23:22:37,2017-04-18 23:36:23,N,1,243,200,5,5.19,16.5,0.5,0.5,0.0,2.64,,0.3,20.44,2,1,,green_tripdata_2017-04.parquet
2,2017-04-27 21:44:15,2017-04-27 22:05:56,N,1,43,200,5,10.52,30.0,0.5,0.5,0.0,2.64,,0.3,33.94,2,1,,green_tripdata_2017-04.parquet
2,2017-05-04 21:49:15,2017-05-04 22:04:39,N,1,166,200,4,7.42,22.5,0.5,0.5,0.0,2.64,,0.3,26.44,2,1,,green_tripdata_2017-05.parquet
1,2017-05-05 21:50:29,2017-05-05 22:04:42,N,1,42,200,3,7.5,22.0,0.5,0.5,0.0,2.64,,0.3,25.94,2,1,,green_tripdata_2017-05.parquet
2,2017-06-08 21:12:18,2017-06-08 21:22:07,N,1,243,200,3,4.61,15.0,0.5,0.5,0.0,2.64,,0.3,18.94,2,1,,green_tripdata_2017-06.parquet
2,2017-07-06 21:42:05,2017-07-06 22:00:20,N,1,166,200,5,8.4,25.0,0.5,0.5,0.0,2.64,,0.3,28.94,2,1,,green_tripdata_2017-07.parquet
2,2017-12-15 20:55:00,2017-12-15 21:12:09,N,1,116,200,5,7.16,22.5,0.5,0.5,0.0,2.64,,0.3,26.44,2,1,,green_tripdata_2017-12.parquet
2,2017-12-16 20:19:08,2017-12-16 20:56:57,N,1,33,200,5,17.35,47.5,0.5,0.5,0.0,2.64,,0.3,51.44,2,1,,green_tripdata_2017-12.parquet
2,2017-11-21 20:24:06,2017-11-21 20:47:30,N,1,166,200,5,6.87,22.5,0.5,0.5,0.0,2.64,,0.3,26.44,2,1,,green_tripdata_2017-11.parquet
2,2017-11-29 21:10:30,2017-11-29 21:35:54,N,1,41,200,3,8.58,27.0,0.5,0.5,0.0,2.64,,0.3,30.94,2,1,,green_tripdata_2017-11.parquet
2,2017-06-26 22:46:59,2017-06-26 23:04:41,N,1,166,200,3,8.27,25.0,0.5,0.5,0.0,2.64,,0.3,28.94,1,1,,green_tripdata_2017-06.parquet
1,2017-03-29 10:12:54,2017-03-29 10:25:04,N,1,244,200,2,4.6,15.5,0.5,0.5,0.0,2.64,,0.3,19.44,2,1,,green_tripdata_2017-03.parquet
2,2017-03-31 22:40:09,2017-03-31 22:47:59,N,1,244,200,5,3.9,12.5,0.5,0.5,0.0,2.64,,0.3,16.44,2,1,,green_tripdata_2017-03.parquet
2,2017-04-19 00:04:24,2017-04-19 00:15:21,N,1,244,200,2,5.82,17.5,0.5,0.5,0.0,2.64,,0.3,21.44,2,1,,green_tripdata_2017-04.parquet
2,2017-04-24 22:22:58,2017-04-24 22:32:41,N,1,244,200,2,3.94,13.5,0.5,0.5,0.0,2.64,,0.3,17.44,2,1,,green_tripdata_2017-04.parquet
2,2017-05-06 22:37:10,2017-05-06 22:47:48,N,1,244,200,2,4.5,14.5,0.5,0.5,0.0,2.64,,0.3,18.44,2,1,,green_tripdata_2017-05.parquet
2,2017-06-05 20:20:13,2017-06-05 20:32:24,N,1,244,200,2,5.26,16.0,0.5,0.5,0.0,2.64,,0.3,19.94,2,1,,green_tripdata_2017-06.parquet
1,2017-06-22 00:05:23,2017-06-22 00:16:42,N,1,244,200,2,6.0,18.0,0.5,0.5,0.0,2.64,,0.3,21.94,2,1,,green_tripdata_2017-06.parquet
2,2017-10-24 20:54:44,2017-10-24 21:06:06,N,1,244,200,2,4.72,15.0,0.5,0.5,0.0,2.64,,0.3,18.94,2,1,,green_tripdata_2017-10.parquet
1,2017-10-27 00:37:48,2017-10-27 01:00:15,N,1,244,200,2,6.2,22.0,0.5,0.5,0.0,2.64,,0.3,25.94,3,1,,green_tripdata_2017-10.parquet
2,2017-07-01 01:20:12,2017-07-01 01:31:39,N,1,244,200,2,6.15,18.5,0.5,0.5,0.0,2.64,,0.3,22.44,2,1,,green_tripdata_2017-07.parquet
2,2017-07-30 00:06:19,2017-07-30 00:17:12,N,1,244,200,2,4.52,15.5,0.5,0.5,0.0,2.64,,0.3,19.44,2,1,,green_tripdata_2017-07.parquet
1,2017-12-31 00:32:18,2017-12-31 00:41:44,N,1,244,200,2,4.5,14.0,0.5,0.5,0.0,2.64,,0.3,17.94,2,1,,green_tripdata_2017-12.parquet
2,2017-09-24 04:17:50,2017-09-24 04:27:01,N,1,244,200,2,3.85,13.0,0.5,0.5,0.0,2.64,,0.3,16.94,2,1,,green_tripdata_2017-09.parquet
2,2017-05-20 21:51:23,2017-05-20 22:14:00,N,1,31,116,6,11.27,32.0,0.5,0.5,0.0,2.64,,0.3,35.94,2,1,,green_tripdata_2017-05.parquet
2,2017-06-03 22:14:37,2017-06-03 22:47:14,N,1,31,246,6,16.55,47.0,0.5,0.5,0.0,2.64,,0.3,50.94,2,1,,green_tripdata_2017-06.parquet
2,2017-06-16 23:53:48,2017-06-17 00:12:59,N,1,31,243,5,10.8,30.5,0.5,0.5,0.0,2.64,,0.3,34.44,1,1,,green_tripdata_2017-06.parquet
2,2017-06-24 21:32:22,2017-06-24 22:06:32,N,1,31,230,6,16.3,47.0,0.5,0.5,0.0,2.64,,0.3,50.94,2,1,,green_tripdata_2017-06.parquet
2,2017-10-07 20:24:29,2017-10-07 20:59:51,N,1,31,161,5,16.09,47.5,0.5,0.5,0.0,2.64,,0.3,51.44,2,1,,green_tripdata_2017-10.parquet
2,2017-10-12 21:01:37,2017-10-12 21:27:59,N,1,31,230,5,15.98,44.5,0.5,0.5,0.0,2.64,,0.3,48.44,2,1,,green_tripdata_2017-10.parquet
2,2017-10-13 21:47:14,2017-10-13 22:24:45,N,1,31,249,5,17.66,51.5,0.5,0.5,0.0,2.64,,0.3,55.44,2,1,,green_tripdata_2017-10.parquet
2,2017-10-21 20:24:18,2017-10-21 20:54:58,N,1,31,163,5,16.01,45.5,0.5,0.5,0.0,2.64,,0.3,49.44,2,1,,green_tripdata_2017-10.parquet
2,2017-10-28 20:12:25,2017-10-28 20:45:31,N,1,31,142,5,15.22,45.5,0.5,0.5,0.0,2.64,,0.3,49.44,2,1,,green_tripdata_2017-10.parquet
2,2017-07-14 21:11:59,2017-07-14 21:34:41,N,1,31,243,6,9.8,29.5,0.5,0.5,0.0,2.64,,0.3,33.44,2,1,,green_tripdata_2017-07.parquet
2,2017-09-21 21:03:05,2017-09-21 21:23:00,N,1,31,116,5,10.38,29.5,0.5,0.5,0.0,2.64,,0.3,33.44,2,1,,green_tripdata_2017-09.parquet
2,2017-10-23 03:30:59,2017-10-23 04:04:56,N,1,244,166,2,15.03,44.5,0.5,0.5,0.0,2.64,,0.3,48.44,2,1,,green_tripdata_2017-10.parquet
2,2017-10-01 21:08:38,2017-10-01 22:49:58,N,1,200,165,2,22.58,84.5,0.5,0.5,0.0,2.64,,0.3,88.44,1,1,,green_tripdata_2017-10.parquet
2,2017-10-13 21:56:54,2017-10-13 22:16:44,N,1,152,18,2,9.92,29.0,0.5,0.5,0.0,2.64,,0.3,32.94,2,1,,green_tripdata_2017-10.parquet
2,2017-10-15 22:23:08,2017-10-15 22:56:43,N,1,200,262,2,12.66,37.5,0.5,0.5,0.0,2.64,,0.3,41.44,1,1,,green_tripdata_2017-10.parquet
2,2017-10-31 21:18:44,2017-10-31 21:40:02,N,1,166,153,2,6.97,23.5,0.5,0.5,0.0,2.64,,0.3,27.44,1,1,,green_tripdata_2017-10.parquet
2,2017-09-08 20:18:05,2017-09-08 20:39:07,N,1,127,240,2,5.54,19.5,0.5,0.5,0.0,2.64,,0.3,23.44,2,1,,green_tripdata_2017-09.parquet
2,2017-09-30 00:22:49,2017-09-30 00:43:11,N,1,116,18,2,9.35,28.5,0.5,0.5,0.0,2.64,,0.3,32.44,1,1,,green_tripdata_2017-09.parquet
1,2017-11-03 01:27:37,2017-11-03 01:49:41,N,1,244,265,2,13.2,36.0,0.5,0.5,0.0,2.64,,0.3,39.94,2,1,,green_tripdata_2017-11.parquet
2,2017-11-22 00:15:17,2017-11-22 00:27:25,N,1,116,240,2,7.05,20.5,0.5,0.5,0.0,2.64,,0.3,24.44,2,1,,green_tripdata_2017-11.parquet
1,2017-11-22 21:51:25,2017-11-22 22:09:09,N,1,166,18,2,9.9,28.5,0.5,0.5,0.0,2.64,,0.3,32.44,2,1,,green_tripdata_2017-11.parquet
2,2017-04-04 02:06:55,2017-04-04 02:33:32,N,1,74,265,6,12.98,37.0,0.5,0.5,0.0,2.64,,0.3,40.94,2,1,,green_tripdata_2017-04.parquet
2,2017-06-16 22:39:05,2017-06-16 23:18:32,N,1,41,265,6,14.3,43.5,0.5,0.5,0.0,2.64,,0.3,47.44,2,1,,green_tripdata_2017-06.parquet
2,2017-10-18 21:36:57,2017-10-18 21:58:44,N,1,116,174,5,9.54,28.5,0.5,0.5,0.0,2.64,,0.3,32.44,1,1,,green_tripdata_2017-10.parquet
2,2017-07-30 21:06:37,2017-07-30 21:20:50,N,1,244,174,3,6.94,21.0,0.5,0.5,0.0,2.64,,0.3,24.94,1,1,,green_tripdata_2017-07.parquet
2,2017-07-10 20:38:17,2017-07-10 21:06:44,N,1,75,265,5,17.07,46.5,0.5,0.5,0.0,2.64,,0.3,50.44,2,1,,green_tripdata_2017-07.parquet
2,2017-12-24 20:21:53,2017-12-24 20:38:34,N,1,174,152,6,9.82,27.5,0.5,0.5,0.0,2.64,,0.3,31.44,1,1,,green_tripdata_2017-12.parquet
2,2017-12-26 00:56:13,2017-12-26 01:11:52,N,1,244,18,4,7.87,23.5,0.5,0.5,0.0,2.64,,0.3,27.44,2,1,,green_tripdata_2017-12.parquet
2,2017-09-16 22:48:49,2017-09-16 23:14:05,N,1,128,163,5,9.12,27.5,0.5,0.5,0.0,2.64,,0.3,31.44,1,1,,green_tripdata_2017-09.parquet
2,2017-03-25 21:17:45,2017-03-25 21:51:36,N,1,7,32,2,14.99,44.0,0.5,0.5,0.0,11.52,,0.3,56.82,1,1,,green_tripdata_2017-03.parquet
2,2017-03-26 01:14:57,2017-03-26 01:51:07,N,1,92,82,2,17.18,48.0,0.5,0.5,0.0,11.52,,0.3,60.82,1,1,,green_tripdata_2017-03.parquet
2,2017-04-29 03:59:01,2017-04-29 05:00:16,N,1,82,260,6,34.39,91.5,0.5,0.5,0.0,11.52,,0.3,104.32,1,1,,green_tripdata_2017-04.parquet
1,2017-05-13 23:55:31,2017-05-14 00:35:14,N,1,112,23,2,20.7,57.5,0.5,0.5,0.0,11.52,,0.3,70.32,3,1,,green_tripdata_2017-05.parquet
2,2017-05-15 05:32:01,2017-05-15 06:30:21,N,1,129,179,2,18.99,59.5,0.5,0.5,0.0,11.52,,0.3,72.32,1,1,,green_tripdata_2017-05.parquet
2,2017-05-18 23:13:31,2017-05-18 23:41:54,N,1,97,206,2,14.95,41.0,0.5,0.5,0.0,11.52,,0.3,53.82,1,1,,green_tripdata_2017-05.parquet
2,2017-06-11 02:31:33,2017-06-11 03:16:30,N,1,7,172,5,25.86,69.5,0.5,0.5,0.0,11.52,,0.3,82.32,1,1,,green_tripdata_2017-06.parquet
1,2017-06-11 02:30:23,2017-06-11 03:19:57,N,1,7,245,2,23.6,65.5,0.5,0.5,0.0,11.52,,0.3,78.32,1,1,,green_tripdata_2017-06.parquet
1,2017-06-16 03:28:42,2017-06-16 04:18:36,N,1,82,173,2,20.9,62.0,0.5,0.5,0.0,11.52,,0.3,74.82,1,1,,green_tripdata_2017-06.parquet
2,2017-10-22 20:24:29,2017-10-22 20:52:57,N,1,210,206,2,13.24,37.5,0.5,0.5,0.0,11.52,,0.3,50.32,1,1,,green_tripdata_2017-10.parquet
2,2017-10-22 20:55:42,2017-10-22 23:13:42,N,1,61,6,3,23.12,83.0,0.5,0.5,0.0,11.52,,0.3,95.82,1,1,,green_tripdata_2017-10.parquet
2,2017-07-01 03:21:28,2017-07-01 03:52:08,N,1,130,228,3,19.92,54.5,0.5,0.5,0.0,11.52,,0.3,67.32,1,1,,green_tripdata_2017-07.parquet
2,2017-09-08 21:16:09,2017-09-08 22:53:26,N,1,93,132,2,33.32,106.0,0.5,0.5,0.0,11.52,,0.3,118.82,1,1,,green_tripdata_2017-09.parquet
1,2017-09-23 00:07:57,2017-09-23 00:35:57,N,1,196,127,2,15.1,42.5,0.5,0.5,0.0,11.52,,0.3,55.32,1,1,,green_tripdata_2017-09.parquet
2,2017-11-04 02:04:09,2017-11-04 02:27:11,N,1,37,221,2,13.97,39.0,0.5,0.5,0.0,11.52,,0.3,53.77,1,1,,green_tripdata_2017-11.parquet
2,2017-03-31 23:39:38,2017-04-01 00:33:56,N,1,40,109,5,15.48,54.0,0.5,0.5,0.0,11.52,,0.3,66.82,2,1,,green_tripdata_2017-03.parquet
2,2017-04-13 02:33:51,2017-04-13 03:21:22,N,1,156,119,5,29.84,81.0,0.5,0.5,0.0,11.52,,0.3,93.82,2,1,,green_tripdata_2017-04.parquet
2,2017-04-16 22:03:05,2017-04-16 22:51:55,N,1,187,82,5,26.03,70.5,0.5,0.5,0.0,11.52,,0.3,83.32,2,1,,green_tripdata_2017-04.parquet
2,2017-04-19 05:03:34,2017-04-19 05:36:13,N,1,156,79,5,19.22,53.0,0.5,0.5,0.0,11.52,,0.3,65.82,2,1,,green_tripdata_2017-04.parquet
2,2017-04-21 21:19:44,2017-04-21 21:59:58,N,1,206,216,5,25.08,67.0,0.5,0.5,0.0,11.52,,0.3,79.82,2,1,,green_tripdata_2017-04.parquet
2,2017-04-29 01:19:15,2017-04-29 01:47:43,N,1,97,221,5,14.03,40.0,0.5,0.5,0.0,11.52,,0.3,52.82,2,1,,green_tripdata_2017-04.parquet
2,2017-05-03 05:28:58,2017-05-03 06:11:50,N,1,206,217,5,14.1,45.0,0.5,0.5,0.0,11.52,,0.3,57.82,2,1,,green_tripdata_2017-05.parquet
2,2017-05-23 21:02:37,2017-05-23 21:21:17,N,1,195,115,5,9.28,27.5,0.5,0.5,0.0,11.52,,0.3,40.32,2,1,,green_tripdata_2017-05.parquet
2,2017-06-05 21:27:10,2017-06-05 21:45:19,N,1,181,221,5,9.47,27.5,0.5,0.5,0.0,11.52,,0.3,40.32,2,1,,green_tripdata_2017-06.parquet
2,2017-06-09 05:29:33,2017-06-09 06:16:26,N,1,187,132,5,28.49,79.0,0.5,0.5,0.0,11.52,,0.3,91.82,2,1,,green_tripdata_2017-06.parquet
2,2017-10-01 03:05:05,2017-10-01 03:42:30,N,1,255,67,5,20.14,55.0,0.5,0.5,0.0,11.52,,0.3,67.82,2,1,,green_tripdata_2017-10.parquet
2,2017-10-03 21:42:50,2017-10-03 22:07:47,N,1,181,206,5,11.4,34.0,0.5,0.5,0.0,11.52,,0.3,46.82,2,1,,green_tripdata_2017-10.parquet
2,2017-10-07 05:39:09,2017-10-07 06:10:08,N,1,37,187,5,20.66,55.0,0.5,0.5,0.0,11.52,,0.3,67.82,2,1,,green_tripdata_2017-10.parquet
2,2017-10-22 02:32:59,2017-10-22 03:05:46,N,1,210,109,5,16.01,44.5,0.5,0.5,0.0,11.52,,0.3,57.32,2,1,,green_tripdata_2017-10.parquet
2,2017-12-11 03:46:26,2017-12-11 04:21:48,N,1,255,109,5,20.4,54.5,0.5,0.5,0.0,11.52,,0.3,67.32,2,1,,green_tripdata_2017-12.parquet
2,2017-12-17 21:20:33,2017-12-17 21:43:57,N,1,65,115,5,11.05,32.5,0.5,0.5,0.0,11.52,,0.3,45.32,2,1,,green_tripdata_2017-12.parquet
2,2017-11-12 03:25:22,2017-11-12 03:37:55,N,1,14,23,5,8.77,24.5,0.5,0.5,0.0,11.52,,0.3,37.32,2,1,,green_tripdata_2017-11.parquet
2,2017-03-28 20:53:53,2017-03-28 21:25:36,N,1,181,118,2,14.84,42.0,0.5,0.5,0.0,11.52,,0.3,54.82,2,1,,green_tripdata_2017-03.parquet
1,2017-05-03 03:50:42,2017-05-03 04:08:16,N,1,33,23,2,12.5,34.0,0.5,0.5,0.0,11.52,,0.3,46.82,2,1,,green_tripdata_2017-05.parquet
2,2017-05-19 23:16:53,2017-05-20 01:29:43,N,1,42,208,2,21.43,98.0,0.5,0.5,0.0,11.52,,0.3,110.82,2,1,,green_tripdata_2017-05.parquet
1,2017-06-26 03:25:43,2017-06-26 03:45:38,N,1,129,234,2,7.7,24.0,0.5,0.5,0.0,11.52,,0.3,36.82,2,1,,green_tripdata_2017-06.parquet
1,2017-06-30 20:53:18,2017-06-30 21:36:45,N,1,49,156,2,17.4,51.5,0.5,0.5,0.0,11.52,,0.3,64.32,2,1,,green_tripdata_2017-06.parquet
2,2017-07-11 04:46:09,2017-07-11 05:19:32,N,1,92,156,2,28.14,73.0,0.5,0.5,0.0,11.52,,0.3,85.82,2,1,,green_tripdata_2017-07.parquet
2,2017-07-22 23:26:01,2017-07-22 23:58:39,N,1,97,245,2,13.62,39.5,0.5,0.5,0.0,11.52,,0.3,52.32,2,1,,green_tripdata_2017-07.parquet
2,2017-12-11 04:45:01,2017-12-11 05:07:40,N,1,129,116,2,9.14,28.0,0.5,0.5,0.0,11.52,,0.3,40.82,2,1,,green_tripdata_2017-12.parquet
2,2017-12-11 21:25:07,2017-12-11 21:50:11,N,1,65,245,2,14.74,40.0,0.5,0.5,0.0,11.52,,0.3,52.82,2,1,,green_tripdata_2017-12.parquet
2,2017-09-15 00:34:00,2017-09-15 00:42:10,N,1,14,6,2,3.23,11.5,0.5,0.5,0.0,11.52,,0.3,24.32,2,1,,green_tripdata_2017-09.parquet
1,2017-09-15 21:40:00,2017-09-15 22:37:54,N,1,244,172,2,23.4,68.0,0.5,0.5,0.0,11.52,,0.3,80.82,2,1,,green_tripdata_2017-09.parquet
1,2017-09-17 02:13:08,2017-09-17 02:35:05,N,1,255,221,2,13.5,37.0,0.5,0.5,0.0,11.52,,0.3,49.82,2,1,,green_tripdata_2017-09.parquet
2,2017-11-03 23:18:18,2017-11-03 23:44:00,N,1,66,118,2,13.07,36.0,0.5,0.5,0.0,11.52,,0.3,48.82,2,1,,green_tripdata_2017-11.parquet
2,2017-11-04 00:18:23,2017-11-04 00:48:25,N,1,25,118,2,16.17,45.5,0.5,0.5,0.0,11.52,,0.3,58.32,2,1,,green_tripdata_2017-11.parquet
1,2017-11-25 01:27:01,2017-11-25 01:45:02,N,1,106,214,2,9.3,28.0,0.5,0.5,0.0,11.52,,0.3,40.82,2,1,,green_tripdata_2017-11.parquet
1,2017-04-01 04:50:48,2017-04-01 05:33:36,N,1,59,60,3,20.0,57.5,0.5,0.5,0.0,11.52,,0.3,70.32,2,1,,green_tripdata_2017-04.parquet
2,2017-04-01 05:23:54,2017-04-01 05:46:19,N,1,112,221,3,14.92,40.0,0.5,0.5,0.0,11.52,,0.3,52.82,2,1,,green_tripdata_2017-04.parquet
1,2017-04-29 19:55:19,2017-04-29 20:38:17,N,1,25,206,3,13.3,43.0,0.5,0.5,0.0,11.52,,0.3,55.82,2,1,,green_tripdata_2017-04.parquet
2,2017-05-14 00:21:28,2017-05-14 00:57:40,N,1,25,172,3,13.26,41.0,0.5,0.5,0.0,11.52,,0.3,53.82,2,1,,green_tripdata_2017-05.parquet
1,2017-05-19 22:42:19,2017-05-19 23:09:53,N,1,181,125,3,6.8,25.5,0.5,0.5,0.0,11.52,,0.3,38.32,2,1,,green_tripdata_2017-05.parquet
1,2017-06-30 01:24:33,2017-06-30 01:56:49,N,1,83,250,3,14.5,42.0,0.5,0.5,0.0,11.52,,0.3,54.82,2,1,,green_tripdata_2017-06.parquet
2,2017-10-08 02:03:01,2017-10-08 03:05:41,N,1,37,206,3,35.86,97.5,0.5,0.5,0.0,11.52,,0.3,110.32,2,1,,green_tripdata_2017-10.parquet
2,2017-10-14 20:18:34,2017-10-14 22:47:31,N,1,21,115,3,13.65,85.0,0.5,0.5,0.0,11.52,,0.3,97.82,2,1,,green_tripdata_2017-10.parquet
2,2017-10-31 22:57:51,2017-10-31 23:09:22,N,1,14,221,3,4.38,15.0,0.5,0.5,0.0,11.52,,0.3,27.82,2,1,,green_tripdata_2017-10.parquet
2,2017-07-01 22:35:42,2017-07-01 22:54:17,N,1,228,245,3,8.28,25.0,0.5,0.5,0.0,11.52,,0.3,37.82,2,1,,green_tripdata_2017-07.parquet
2,2017-07-14 00:19:40,2017-07-14 01:00:39,N,1,255,84,3,20.76,57.0,0.5,0.5,0.0,11.52,,0.3,69.82,2,1,,green_tripdata_2017-07.parquet
2,2017-07-22 20:21:47,2017-07-22 21:11:18,N,1,82,187,3,24.77,67.5,0.5,0.5,0.0,11.52,,0.3,80.32,2,1,,green_tripdata_2017-07.parquet
1,2017-11-18 01:48:28,2017-11-18 02:24:07,N,1,173,247,3,10.8,35.0,0.5,0.5,0.0,11.52,,0.3,47.82,2,1,,green_tripdata_2017-11.parquet
2,2017-04-08 20:52:40,2017-04-08 22:24:40,N,1,6,260,6,0.0,48.0,0.5,0.5,0.0,11.52,,0.3,60.82,2,1,,green_tripdata_2017-04.parquet
2,2017-04-09 02:19:54,2017-04-09 02:47:57,N,1,255,23,4,19.46,52.0,0.5,0.5,0.0,11.52,,0.3,64.82,2,1,,green_tripdata_2017-04.parquet
2,2017-05-08 06:01:38,2017-05-08 06:39:50,N,1,156,89,6,21.54,58.5,0.5,0.5,0.0,11.52,,0.3,71.32,2,1,,green_tripdata_2017-05.parquet
1,2017-10-05 21:19:37,2017-10-05 21:50:57,N,1,106,156,4,14.8,43.0,0.5,0.5,0.0,11.52,,0.3,55.82,2,1,,green_tripdata_2017-10.parquet
2,2017-10-18 20:48:46,2017-10-18 21:18:23,N,1,97,118,6,13.55,38.5,0.5,0.5,0.0,11.52,,0.3,51.32,2,1,,green_tripdata_2017-10.parquet
2,2017-07-25 05:45:15,2017-07-25 06:25:51,N,1,206,132,6,26.43,72.0,0.5,0.5,0.0,11.52,,0.3,84.82,2,1,,green_tripdata_2017-07.parquet
2,2017-09-07 20:22:20,2017-09-07 20:51:25,N,1,150,14,4,13.3,39.0,0.5,0.5,0.0,11.52,,0.3,51.82,2,1,,green_tripdata_2017-09.parquet
2,2017-11-04 02:21:54,2017-11-04 02:53:14,N,1,146,221,6,20.98,56.0,0.5,0.5,0.0,11.52,,0.3,68.82,2,1,,green_tripdata_2017-11.parquet
2,2017-03-05 05:59:33,2017-03-05 07:08:08,N,1,82,265,5,44.95,118.0,0.5,0.5,0.0,21.58,,0.3,140.88,2,1,,green_tripdata_2017-03.parquet
2,2017-01-08 23:11:29,2017-01-08 23:40:37,N,1,255,265,3,8.12,26.0,0.5,0.5,0.0,15.0,,0.3,42.3,2,1,,green_tripdata_2017-01.parquet
2,2017-02-20 21:02:35,2017-02-20 21:51:25,N,1,210,265,5,32.03,85.0,0.5,0.5,0.0,21.58,,0.3,107.88,2,1,,green_tripdata_2017-02.parquet
2,2017-10-03 03:51:45,2017-10-03 04:37:52,N,1,36,265,6,18.02,53.5,0.5,0.5,0.0,16.26,,0.3,71.06,2,1,,green_tripdata_2017-10.parquet
2,2017-12-21 02:53:10,2017-12-21 03:31:18,N,1,256,265,6,21.45,58.5,0.5,0.5,0.0,15.0,,0.3,74.8,2,1,,green_tripdata_2017-12.parquet
2,2017-03-04 20:51:25,2017-03-04 21:52:05,N,1,243,265,5,25.85,76.5,0.5,0.5,0.0,10.5,,0.3,88.3,2,1,,green_tripdata_2017-03.parquet
2,2017-03-23 04:22:29,2017-03-23 04:55:56,N,1,168,265,5,20.92,56.0,0.5,0.5,0.0,10.5,,0.3,67.8,2,1,,green_tripdata_2017-03.parquet
2,2017-03-26 00:34:22,2017-03-26 01:01:25,N,1,256,265,5,6.05,22.5,0.5,0.5,0.0,10.5,,0.3,34.3,2,1,,green_tripdata_2017-03.parquet
1,2017-04-17 04:59:21,2017-04-17 06:02:47,N,1,244,265,3,49.7,127.5,0.5,0.5,0.0,10.5,,0.3,139.3,2,1,,green_tripdata_2017-04.parquet
2,2017-04-23 00:23:55,2017-04-23 01:07:05,N,1,25,265,3,11.71,37.5,0.5,0.5,0.0,10.5,,0.3,49.3,2,1,,green_tripdata_2017-04.parquet
2,2017-05-21 04:10:21,2017-05-21 04:28:58,N,1,256,265,6,6.99,22.5,0.5,0.5,0.0,10.5,,0.3,34.3,2,1,,green_tripdata_2017-05.parquet
2,2017-01-04 23:11:32,2017-01-04 23:32:53,N,1,25,265,6,5.62,19.5,0.5,0.5,0.0,10.5,,0.3,31.3,2,1,,green_tripdata_2017-01.parquet
2,2017-02-20 01:04:33,2017-02-21 00:16:32,N,1,129,265,4,22.91,62.5,0.5,0.5,0.0,10.5,,0.3,74.3,2,1,,green_tripdata_2017-02.parquet
2,2017-06-13 21:35:30,2017-06-13 22:12:08,N,1,42,265,3,23.39,62.0,0.5,0.5,0.0,10.5,,0.3,73.8,2,1,,green_tripdata_2017-06.parquet
2,2017-10-27 23:03:43,2017-10-27 23:41:40,N,1,41,265,5,13.65,39.5,0.5,0.5,0.0,10.5,,0.3,51.3,2,1,,green_tripdata_2017-10.parquet
1,2017-09-21 01:51:02,2017-09-21 02:25:27,N,1,244,265,3,25.3,66.5,0.5,0.5,0.0,10.5,,0.3,78.3,2,1,,green_tripdata_2017-09.parquet
2,2017-09-30 02:25:36,2017-09-30 02:46:12,N,1,256,265,3,6.33,21.0,0.5,0.5,0.0,10.5,,0.3,32.8,2,1,,green_tripdata_2017-09.parquet
2,2017-04-30 00:19:22,2017-04-30 00:55:52,N,1,95,117,6,12.59,39.5,0.5,0.5,0.0,2.16,,0.3,42.96,2,1,,green_tripdata_2017-04.parquet
2,2017-04-19 20:59:04,2017-04-19 21:41:27,N,1,82,117,3,11.89,40.5,0.5,0.5,0.0,2.16,,0.3,43.96,2,1,,green_tripdata_2017-04.parquet
2,2017-04-02 05:26:40,2017-04-02 05:42:26,N,1,210,201,5,8.37,24.0,0.5,0.5,0.0,2.16,,0.3,27.46,2,1,,green_tripdata_2017-04.parquet
2,2017-04-04 20:26:58,2017-04-04 20:43:51,N,1,210,27,5,7.8,22.5,0.5,0.5,0.0,2.16,,0.3,25.96,2,1,,green_tripdata_2017-04.parquet
2,2017-05-08 22:00:22,2017-05-08 22:42:18,N,1,93,201,6,20.64,57.5,0.5,0.5,0.0,2.16,,0.3,60.96,2,1,,green_tripdata_2017-05.parquet
2,2017-05-10 02:51:10,2017-05-10 03:24:21,N,1,7,201,5,19.74,54.0,0.5,0.5,0.0,2.16,,0.3,57.46,2,1,,green_tripdata_2017-05.parquet
1,2017-06-17 22:10:08,2017-06-17 22:58:49,N,1,82,201,3,13.0,44.0,0.5,0.5,0.0,2.16,,0.3,47.46,2,1,,green_tripdata_2017-06.parquet
1,2017-06-17 22:17:45,2017-06-17 23:36:06,N,1,253,27,4,24.1,76.0,0.5,0.5,0.0,2.16,,0.3,79.46,2,1,,green_tripdata_2017-06.parquet
2,2017-10-08 04:36:44,2017-10-08 05:03:10,N,1,82,201,3,11.81,34.5,0.5,0.5,0.0,2.16,,0.3,37.96,2,1,,green_tripdata_2017-10.parquet
2,2017-07-29 22:23:07,2017-07-29 22:50:08,N,1,55,27,5,10.65,32.0,0.5,0.5,0.0,2.16,,0.3,35.46,2,1,,green_tripdata_2017-07.parquet
2,2017-12-12 20:51:38,2017-12-12 21:07:21,N,1,210,27,5,7.21,21.5,0.5,0.5,0.0,2.16,,0.3,24.96,2,1,,green_tripdata_2017-12.parquet
2,2017-09-08 20:51:53,2017-09-08 21:35:29,N,1,97,117,5,13.72,43.0,0.5,0.5,0.0,2.16,,0.3,46.46,2,1,,green_tripdata_2017-09.parquet
2,2017-11-24 20:46:43,2017-11-24 21:27:48,N,1,196,117,5,11.94,38.5,0.5,0.5,0.0,2.16,,0.3,41.96,2,1,,green_tripdata_2017-11.parquet
2,2017-11-29 22:19:33,2017-11-29 22:50:49,N,1,61,201,5,12.25,37.0,0.5,0.5,0.0,2.16,,0.3,40.46,2,1,,green_tripdata_2017-11.parquet
2,2017-03-07 04:26:35,2017-03-07 04:41:42,N,1,223,126,6,4.73,17.5,0.5,0.5,0.0,8.0,,0.3,26.8,2,1,,green_tripdata_2017-03.parquet
1,2017-03-17 04:42:27,2017-03-17 05:10:34,N,1,129,94,3,11.0,33.5,0.5,0.5,0.0,8.0,,0.3,42.8,2,1,,green_tripdata_2017-03.parquet
2,2017-03-22 21:51:52,2017-03-22 22:02:27,N,1,223,74,6,3.49,12.5,0.5,0.5,0.0,8.0,,0.3,21.8,2,1,,green_tripdata_2017-03.parquet
2,2017-01-01 01:17:53,2017-01-01 01:40:29,N,1,243,83,3,11.57,33.0,0.5,0.5,0.0,8.0,,0.3,42.3,2,1,,green_tripdata_2017-01.parquet
2,2017-01-01 01:43:02,2017-01-01 02:05:53,N,1,83,248,3,11.84,33.5,0.5,0.5,0.0,8.0,,0.3,42.8,2,1,,green_tripdata_2017-01.parquet
2,2017-01-15 03:23:41,2017-01-15 03:40:09,N,1,223,220,6,9.24,26.5,0.5,0.5,0.0,8.0,,0.3,35.8,2,1,,green_tripdata_2017-01.parquet
2,2017-01-16 22:05:28,2017-01-16 22:18:03,N,1,223,75,3,4.77,16.0,0.5,0.5,0.0,8.0,,0.3,25.3,2,1,,green_tripdata_2017-01.parquet
2,2017-02-05 05:58:16,2017-02-05 06:17:03,N,1,193,42,3,5.96,20.5,0.5,0.5,0.0,8.0,,0.3,29.8,2,1,,green_tripdata_2017-02.parquet
2,2017-02-06 00:38:34,2017-02-06 00:49:58,N,1,260,168,6,5.49,17.5,0.5,0.5,0.0,8.0,,0.3,26.8,2,1,,green_tripdata_2017-02.parquet
2,2017-04-26 23:43:03,2017-04-27 00:00:59,N,1,223,243,6,7.62,23.0,0.5,0.5,0.0,8.5,,0.3,32.8,2,1,,green_tripdata_2017-04.parquet
2,2017-05-08 04:31:33,2017-05-08 04:51:28,N,1,82,20,3,10.0,29.0,0.5,0.5,0.0,8.5,,0.3,38.8,2,1,,green_tripdata_2017-05.parquet
2,2017-05-28 04:09:48,2017-05-28 04:25:11,N,1,179,20,6,9.23,26.5,0.5,0.5,0.0,8.5,,0.3,36.3,2,1,,green_tripdata_2017-05.parquet
2,2017-06-18 03:12:49,2017-06-18 03:32:50,N,1,129,244,5,9.27,28.0,0.5,0.5,0.0,8.5,,0.3,37.8,2,1,,green_tripdata_2017-06.parquet
2,2017-10-10 22:24:57,2017-10-10 22:40:17,N,1,223,41,6,3.8,15.5,0.5,0.5,0.0,8.5,,0.3,25.3,2,1,,green_tripdata_2017-10.parquet
2,2017-10-20 20:21:21,2017-10-20 20:36:20,N,1,262,138,6,7.34,21.5,0.5,0.5,0.0,8.5,,0.3,31.3,2,1,,green_tripdata_2017-10.parquet
2,2017-10-31 20:08:56,2017-10-31 20:25:46,N,1,223,166,6,4.76,17.0,0.5,0.5,0.0,8.5,,0.3,26.8,2,1,,green_tripdata_2017-10.parquet
2,2017-07-09 03:52:48,2017-07-09 04:18:48,N,1,82,241,4,11.84,35.0,0.5,0.5,0.0,8.5,,0.3,44.8,2,1,,green_tripdata_2017-07.parquet
2,2017-09-19 20:19:14,2017-09-19 20:33:08,N,1,223,75,6,5.1,17.0,0.5,0.5,0.0,8.5,,0.3,26.8,2,1,,green_tripdata_2017-09.parquet
2,2017-03-07 20:44:38,2017-03-07 21:25:41,N,1,7,23,5,25.15,67.5,0.5,0.5,0.0,11.08,,0.3,79.88,2,1,,green_tripdata_2017-03.parquet
2,2017-03-09 21:24:55,2017-03-09 21:35:42,N,1,220,244,5,4.74,15.0,0.5,0.5,0.0,2.54,,0.3,18.84,2,1,,green_tripdata_2017-03.parquet
2,2017-03-10 20:07:30,2017-03-10 20:26:13,N,1,210,201,5,8.29,24.0,0.5,0.5,0.0,2.08,,0.3,27.38,2,1,,green_tripdata_2017-03.parquet
2,2017-05-01 02:11:44,2017-05-01 02:44:03,N,1,74,243,5,12.04,34.5,0.5,0.5,0.0,10.5,,0.3,46.3,2,1,,green_tripdata_2017-05.parquet
2,2017-01-01 05:42:44,2017-01-01 06:15:11,N,1,181,201,5,19.2,52.5,0.5,0.5,0.0,2.08,,0.3,55.88,2,1,,green_tripdata_2017-01.parquet
2,2017-01-27 21:22:27,2017-01-27 22:21:42,N,1,92,23,5,36.38,98.5,0.5,0.5,0.0,11.08,,0.3,110.88,2,1,,green_tripdata_2017-01.parquet
2,2017-01-28 05:30:07,2017-01-28 06:20:51,N,1,255,214,5,18.28,52.0,0.5,0.5,0.0,15.0,,0.3,68.3,2,1,,green_tripdata_2017-01.parquet
2,2017-01-14 20:45:01,2017-01-14 21:11:14,N,1,31,163,5,15.45,42.5,0.5,0.5,0.0,2.54,,0.3,46.34,2,1,,green_tripdata_2017-01.parquet
2,2017-02-17 23:05:42,2017-02-17 23:17:25,N,1,244,220,5,4.16,14.0,0.5,0.5,0.0,2.54,,0.3,17.84,2,1,,green_tripdata_2017-02.parquet
2,2017-10-28 21:34:52,2017-10-28 22:26:25,N,1,174,201,5,35.26,92.0,0.5,0.5,0.0,7.92,,0.3,101.22,2,1,,green_tripdata_2017-10.parquet
2,2017-07-08 03:58:58,2017-07-08 04:37:04,N,1,82,244,5,13.13,42.5,0.5,0.5,0.0,9.0,,0.3,52.8,2,1,,green_tripdata_2017-07.parquet
2,2017-11-01 01:12:29,2017-11-01 01:16:16,N,1,17,49,5,0.75,4.5,0.5,0.5,0.0,32.0,,0.3,37.8,2,1,,green_tripdata_2017-11.parquet
2,2017-03-05 03:39:25,2017-03-05 04:21:49,N,1,226,221,3,18.87,54.0,0.5,0.5,0.0,11.08,,0.3,66.38,2,1,,green_tripdata_2017-03.parquet
1,2017-04-08 22:46:12,2017-04-08 23:05:55,N,1,51,174,3,4.0,16.0,0.5,0.5,0.0,10.0,,0.3,27.3,2,1,,green_tripdata_2017-04.parquet
2,2017-01-10 02:12:47,2017-01-10 02:56:36,N,1,25,201,3,30.33,80.0,0.5,0.5,0.0,2.08,,0.3,83.38,2,1,,green_tripdata_2017-01.parquet
2,2017-01-13 23:04:50,2017-01-13 23:46:04,N,1,260,201,3,13.45,42.0,0.5,0.5,0.0,2.08,,0.3,45.38,2,1,,green_tripdata_2017-01.parquet
1,2017-02-05 04:35:27,2017-02-05 05:57:45,N,1,248,220,3,30.3,89.0,0.5,0.5,0.0,11.08,,0.3,101.38,2,1,,green_tripdata_2017-02.parquet
1,2017-02-11 02:17:20,2017-02-11 02:29:49,N,1,244,200,3,6.0,18.5,0.5,0.5,0.0,2.54,,0.3,22.34,2,1,,green_tripdata_2017-02.parquet
2,2017-02-17 22:21:41,2017-02-17 22:31:21,N,1,244,200,3,3.97,13.5,0.5,0.5,0.0,2.54,,0.3,17.34,2,1,,green_tripdata_2017-02.parquet
1,2017-06-30 23:44:20,2017-06-30 23:53:55,N,1,82,70,3,3.3,12.0,0.5,0.5,0.0,2.0,,0.3,15.3,2,1,,green_tripdata_2017-06.parquet
1,2017-07-01 21:28:19,2017-07-01 21:53:06,N,1,14,249,3,9.5,29.0,0.5,0.5,0.0,5.75,,0.3,36.05,2,1,,green_tripdata_2017-07.parquet
1,2017-07-08 17:53:00,2017-07-08 17:56:04,N,1,243,243,3,0.5,4.0,0.5,0.5,0.0,12.5,,0.3,17.8,2,1,,green_tripdata_2017-07.parquet
2,2017-11-26 03:55:46,2017-11-26 04:20:12,N,1,130,117,3,12.37,35.5,0.5,0.5,0.0,4.0,,0.3,40.8,2,1,,green_tripdata_2017-11.parquet
1,2017-04-24 23:28:54,2017-04-25 00:25:27,N,1,250,116,6,15.8,53.0,0.5,0.5,0.0,10.0,,0.3,64.3,2,1,,green_tripdata_2017-04.parquet
2,2017-01-17 21:52:12,2017-01-17 22:50:26,N,1,181,201,6,30.01,82.0,0.5,0.5,0.0,2.08,,0.3,85.38,2,1,,green_tripdata_2017-01.parquet
2,2017-01-18 00:02:48,2017-01-18 00:02:48,N,1,33,201,6,30.75,85.0,0.5,0.5,0.0,2.08,,0.3,88.38,2,1,,green_tripdata_2017-01.parquet
1,2017-01-27 03:42:00,2017-01-27 04:48:34,N,1,36,117,4,36.0,101.0,0.5,0.5,0.0,2.08,,0.3,104.38,2,1,,green_tripdata_2017-01.parquet
2,2017-02-04 05:42:02,2017-02-04 06:10:20,N,1,226,117,6,15.36,42.5,0.5,0.5,0.0,4.16,,0.3,47.96,2,1,,green_tripdata_2017-02.parquet
1,2017-02-25 21:44:31,2017-02-25 21:55:38,N,1,244,200,4,5.7,17.0,0.5,0.5,0.0,2.54,,0.3,20.84,2,1,,green_tripdata_2017-02.parquet
2,2017-02-20 20:06:42,2017-02-20 20:21:04,N,1,152,220,4,6.47,19.5,0.5,0.5,0.0,2.54,,0.3,23.34,2,1,,green_tripdata_2017-02.parquet
2,2017-06-01 22:20:12,2017-06-01 22:44:48,N,1,80,129,4,5.76,21.5,0.5,0.5,0.0,5.0,,0.3,27.8,2,1,,green_tripdata_2017-06.parquet
2,2017-04-07 22:36:48,2017-04-07 22:37:28,N,1,97,97,5,0.0,2.5,0.5,0.5,0.0,4.0,,0.3,7.8,1,1,,green_tripdata_2017-04.parquet
2,2017-04-30 22:08:01,2017-04-30 22:08:36,N,1,189,189,5,0.0,2.5,0.5,0.5,0.0,10.2,,0.3,14.0,1,1,,green_tripdata_2017-04.parquet
1,2017-05-08 01:34:22,2017-05-08 01:34:50,N,1,260,260,4,0.0,2.5,0.5,0.5,0.0,5.5,,0.3,9.3,1,1,,green_tripdata_2017-05.parquet
2,2017-06-01 20:13:43,2017-06-01 20:14:00,N,1,112,112,5,0.0,2.5,0.5,0.5,0.0,18.0,,0.3,21.8,1,1,,green_tripdata_2017-06.parquet
2,2017-06-25 00:31:08,2017-06-25 00:31:29,N,1,112,112,5,0.0,2.5,0.5,0.5,0.0,18.88,,0.3,22.68,1,1,,green_tripdata_2017-06.parquet
2,2017-06-30 20:18:49,2017-06-30 20:19:24,N,1,25,25,5,0.0,2.5,0.5,0.5,0.0,16.2,,0.3,20.0,1,1,,green_tripdata_2017-06.parquet
2,2017-10-29 22:01:01,2017-10-29 22:02:13,N,1,106,25,5,0.0,2.5,0.5,0.5,0.0,24.5,,0.3,28.3,1,1,,green_tripdata_2017-10.parquet
2,2017-12-16 00:22:33,2017-12-16 00:22:56,N,1,36,36,5,0.0,2.5,0.5,0.5,0.0,16.2,,0.3,20.0,1,1,,green_tripdata_2017-12.parquet
2,2017-12-19 22:03:03,2017-12-19 22:03:22,N,1,71,71,5,0.0,2.5,0.5,0.5,0.0,34.2,,0.3,38.0,1,1,,green_tripdata_2017-12.parquet
2,2017-09-08 02:19:28,2017-09-08 02:19:50,N,1,97,97,5,0.0,2.5,0.5,0.5,0.0,6.2,,0.3,10.0,1,1,,green_tripdata_2017-09.parquet
2,2017-11-02 03:25:32,2017-11-02 03:26:09,N,1,25,25,5,0.0,2.5,0.5,0.5,0.0,7.5,,0.3,11.3,1,1,,green_tripdata_2017-11.parquet
2,2017-03-04 21:15:18,2017-03-04 21:24:05,N,1,17,61,5,1.98,8.5,0.5,0.5,0.0,10.5,,0.3,20.3,1,1,,green_tripdata_2017-03.parquet
1,2017-04-09 05:31:38,2017-04-09 06:18:27,N,1,255,265,3,16.5,49.5,0.5,0.5,0.0,10.5,,0.3,61.3,1,1,,green_tripdata_2017-04.parquet
2,2017-04-21 04:13:41,2017-04-21 05:41:34,N,1,255,265,3,32.42,96.0,0.5,0.5,0.0,10.5,,0.3,107.8,1,1,,green_tripdata_2017-04.parquet
1,2017-05-29 02:42:25,2017-05-29 03:35:41,N,1,112,265,3,28.7,80.5,0.5,0.5,0.0,10.5,,0.3,92.3,1,1,,green_tripdata_2017-05.parquet
1,2017-01-06 23:02:01,2017-01-07 00:09:54,N,1,65,265,3,17.9,62.5,0.5,0.5,0.0,10.5,,0.3,74.3,1,1,,green_tripdata_2017-01.parquet
2,2017-07-29 23:06:05,2017-07-29 23:30:15,N,1,166,244,5,9.83,29.0,0.5,0.5,0.0,10.5,,0.3,40.8,1,1,,green_tripdata_2017-07.parquet
1,2017-12-19 03:16:00,2017-12-19 04:14:50,N,1,244,265,3,45.3,116.5,0.5,0.5,0.0,10.5,,0.3,128.3,1,1,,green_tripdata_2017-12.parquet
1,2017-12-23 01:22:49,2017-12-23 01:54:05,N,1,78,265,4,19.8,54.0,0.5,0.5,0.0,10.5,,0.3,65.8,1,1,,green_tripdata_2017-12.parquet
2,2017-09-23 02:54:47,2017-09-23 03:18:07,N,1,256,265,5,5.78,22.0,0.5,0.5,0.0,10.5,,0.3,33.8,1,1,,green_tripdata_2017-09.parquet
2,2017-03-03 21:22:10,2017-03-03 21:50:07,N,1,83,162,5,7.75,27.5,0.5,0.5,0.0,8.0,,0.3,36.8,1,1,,green_tripdata_2017-03.parquet
2,2017-01-03 20:06:10,2017-01-03 20:23:03,N,1,210,201,5,7.25,22.0,0.5,0.5,0.0,2.08,,0.3,25.38,1,1,,green_tripdata_2017-01.parquet
2,2017-01-08 23:28:30,2017-01-08 23:30:20,N,1,177,76,5,0.69,4.0,0.5,0.5,0.0,25.0,,0.3,30.3,1,1,,green_tripdata_2017-01.parquet
2,2017-01-10 23:53:55,2017-01-11 00:00:02,N,1,255,112,5,1.34,7.0,0.5,0.5,0.0,2.0,,0.3,10.3,1,1,,green_tripdata_2017-01.parquet
2,2017-01-27 20:25:23,2017-01-27 21:11:36,N,1,61,115,5,13.76,46.0,0.5,0.5,0.0,11.08,,0.3,58.38,1,1,,green_tripdata_2017-01.parquet
1,2017-02-23 23:46:37,2017-02-24 02:24:16,N,1,254,177,5,86.3,245.0,0.5,0.5,0.0,32.08,,0.3,278.38,1,1,,green_tripdata_2017-02.parquet
2,2017-02-18 22:48:52,2017-02-18 22:59:49,N,1,243,200,5,7.09,20.0,0.5,0.5,0.0,2.54,,0.3,23.84,1,1,,green_tripdata_2017-02.parquet
2,2017-06-25 22:40:58,2017-06-25 22:42:03,N,1,35,35,5,0.04,3.0,0.5,0.5,0.0,43.02,,0.3,49.27,1,1,,green_tripdata_2017-06.parquet
2,2017-10-06 21:31:35,2017-10-06 21:32:28,N,1,77,77,5,0.17,3.0,0.5,0.5,0.0,23.0,,0.3,27.3,1,1,,green_tripdata_2017-10.parquet
2,2017-10-19 00:57:58,2017-10-19 00:59:03,N,1,17,225,5,0.38,3.0,0.5,0.5,0.0,8.7,,0.3,13.0,1,1,,green_tripdata_2017-10.parquet
2,2017-10-23 20:36:29,2017-10-23 20:59:09,N,1,30,198,5,9.87,29.0,0.5,0.5,0.0,2.16,,0.3,32.46,1,1,,green_tripdata_2017-10.parquet
2,2017-09-16 20:16:50,2017-09-16 21:14:03,N,1,97,117,5,15.64,52.5,0.5,0.5,0.0,2.16,,0.3,55.96,1,1,,green_tripdata_2017-09.parquet
2,2017-11-04 23:18:55,2017-11-04 23:19:46,N,1,188,72,5,0.32,3.0,0.5,0.5,0.0,23.2,,0.3,27.5,1,1,,green_tripdata_2017-11.parquet
2,2017-03-18 04:14:13,2017-03-18 04:35:20,N,1,7,42,6,5.46,20.0,0.5,0.5,0.0,8.0,,0.3,29.3,1,1,,green_tripdata_2017-03.parquet
1,2017-03-26 00:02:55,2017-03-26 00:34:55,N,1,51,152,6,11.6,37.5,0.5,0.5,0.0,5.0,,0.3,43.8,1,1,,green_tripdata_2017-03.parquet
2,2017-04-20 22:29:31,2017-04-20 23:42:51,N,1,80,27,6,39.51,105.5,0.5,0.5,0.0,4.25,,0.3,111.05,1,1,,green_tripdata_2017-04.parquet
2,2017-04-30 03:48:32,2017-04-30 04:31:55,N,1,42,117,6,24.19,66.5,0.5,0.5,0.0,7.92,,0.3,75.72,1,1,,green_tripdata_2017-04.parquet
2,2017-02-05 03:55:21,2017-02-05 04:10:16,N,1,179,166,6,4.75,16.5,0.5,0.5,0.0,8.0,,0.3,25.8,1,1,,green_tripdata_2017-02.parquet
2,2017-02-20 23:17:44,2017-02-20 23:31:16,N,1,116,220,6,4.92,16.5,0.5,0.5,0.0,2.54,,0.3,20.34,1,1,,green_tripdata_2017-02.parquet
2,2017-07-01 22:26:18,2017-07-01 22:32:03,N,1,35,35,6,0.14,5.0,0.5,0.5,0.0,43.02,,0.3,51.27,1,1,,green_tripdata_2017-07.parquet
2,2017-12-30 01:40:44,2017-12-30 02:12:00,N,1,260,117,6,20.36,54.5,0.5,0.5,0.0,2.16,,0.3,57.96,1,1,,green_tripdata_2017-12.parquet
2,2017-11-25 20:03:15,2017-11-25 20:29:58,N,1,75,130,6,13.81,39.0,0.5,0.5,0.0,8.5,,0.3,48.8,1,1,,green_tripdata_2017-11.parquet
1,2017-03-04 04:04:42,2017-03-04 06:20:36,N,1,177,177,3,32.5,113.5,0.5,0.5,0.0,21.0,,0.3,135.8,1,1,,green_tripdata_2017-03.parquet
1,2017-04-07 23:45:18,2017-04-07 23:57:36,N,1,74,179,3,4.0,14.0,0.5,0.5,0.0,11.3,,0.3,26.6,1,1,,green_tripdata_2017-04.parquet
2,2017-05-11 23:30:23,2017-05-12 00:40:22,N,1,77,115,4,20.07,68.5,0.5,0.5,0.0,22.02,,0.3,93.77,1,1,,green_tripdata_2017-05.parquet
2,2017-05-14 02:46:15,2017-05-14 04:02:18,N,1,225,115,4,17.36,69.0,0.5,0.5,0.0,22.02,,0.3,94.27,1,1,,green_tripdata_2017-05.parquet
1,2017-05-24 20:45:06,2017-05-24 20:52:30,N,1,212,182,3,1.2,7.0,0.5,0.5,0.0,2.0,,0.3,10.3,1,1,,green_tripdata_2017-05.parquet
1,2017-01-21 21:53:39,2017-01-21 23:17:59,N,1,177,115,3,17.7,69.5,0.5,0.5,0.0,11.08,,0.3,81.88,1,1,,green_tripdata_2017-01.parquet
1,2017-02-03 20:31:21,2017-02-04 00:29:18,N,1,17,17,3,167.7,444.5,0.5,0.5,0.0,56.2,,0.3,502.0,1,1,,green_tripdata_2017-02.parquet
1,2017-02-23 20:07:02,2017-02-23 20:59:26,N,1,118,14,3,11.4,47.5,0.5,0.5,0.0,11.08,,0.3,59.88,1,1,,green_tripdata_2017-02.parquet
2,2017-07-19 00:21:45,2017-07-19 01:11:27,N,1,93,201,4,17.93,51.5,0.5,0.5,0.0,2.16,,0.3,54.96,1,1,,green_tripdata_2017-07.parquet
2,2017-11-18 23:06:19,2017-11-18 23:43:16,N,1,106,201,3,20.85,58.0,0.5,0.5,0.0,2.16,,0.3,61.46,1,1,,green_tripdata_2017-11.parquet
1,2017-05-21 00:29:35,2017-05-21 01:11:19,N,1,112,212,4,12.3,42.5,0.5,0.5,0.0,97.28,,0.3,141.08,4,1,,green_tripdata_2017-05.parquet
1,2017-03-28 22:16:23,2017-03-28 22:59:32,N,1,7,265,2,14.0,45.5,0.5,0.5,0.0,16.26,,0.3,63.06,2,1,,green_tripdata_2017-03.parquet
2,2017-05-15 21:25:57,2017-05-15 22:13:45,N,1,235,265,2,21.46,60.0,0.5,0.5,0.0,13.14,,0.3,74.44,2,1,,green_tripdata_2017-05.parquet
1,2017-01-07 00:10:38,2017-01-07 01:12:28,N,1,265,265,2,18.3,64.0,0.5,0.5,0.0,20.5,,0.3,85.8,1,1,,green_tripdata_2017-01.parquet
1,2017-01-23 20:03:19,2017-01-24 00:01:09,N,1,17,265,2,75.3,229.0,0.5,0.5,0.0,32.66,,0.3,262.96,1,1,,green_tripdata_2017-01.parquet
2,2017-06-19 20:38:13,2017-06-19 21:47:26,N,1,97,265,2,30.64,85.5,0.5,0.5,0.0,52.52,,0.3,141.27,2,1,,green_tripdata_2017-06.parquet
2,2017-06-21 00:05:26,2017-06-21 00:34:54,N,1,80,265,2,9.35,29.5,0.5,0.5,0.0,16.26,,0.3,47.06,1,1,,green_tripdata_2017-06.parquet
2,2017-10-31 20:04:16,2017-10-31 21:04:17,N,1,42,265,2,47.31,122.5,0.5,0.5,0.0,18.5,,0.3,146.2,2,1,,green_tripdata_2017-10.parquet
1,2017-07-11 04:23:56,2017-07-11 05:09:13,N,1,82,265,2,20.0,57.5,0.5,0.5,0.0,26.76,,0.3,85.56,2,1,,green_tripdata_2017-07.parquet
2,2017-09-03 20:39:30,2017-09-03 21:26:19,N,1,93,265,2,16.48,50.0,0.5,0.5,0.0,16.26,,0.3,67.56,2,1,,green_tripdata_2017-09.parquet
2,2017-09-28 05:59:31,2017-09-28 06:41:31,N,1,226,265,2,12.95,40.5,0.5,0.5,0.0,12.5,,0.3,54.3,2,1,,green_tripdata_2017-09.parquet
2,2017-09-25 22:11:18,2017-09-25 23:09:27,N,1,93,265,2,39.24,103.0,0.5,0.5,0.0,16.26,,0.3,120.56,1,1,,green_tripdata_2017-09.parquet
1,2017-03-05 05:11:54,2017-03-05 05:33:06,N,1,255,265,2,8.4,26.5,0.5,0.5,0.0,10.5,,0.3,38.3,2,1,,green_tripdata_2017-03.parquet
1,2017-04-15 01:29:43,2017-04-15 02:05:00,N,1,61,265,2,8.9,31.0,0.5,0.5,0.0,10.5,,0.3,42.8,2,1,,green_tripdata_2017-04.parquet
2,2017-04-18 22:48:46,2017-04-18 23:13:11,N,1,247,265,2,5.33,20.0,0.5,0.5,0.0,10.5,,0.3,31.8,2,1,,green_tripdata_2017-04.parquet
2,2017-05-04 22:41:13,2017-05-04 22:48:38,N,1,244,265,2,2.2,9.0,0.5,0.5,0.0,10.5,,0.3,20.8,2,1,,green_tripdata_2017-05.parquet
2,2017-05-29 20:11:15,2017-05-29 20:26:45,N,1,244,265,2,6.61,21.0,0.5,0.5,0.0,10.5,,0.3,32.8,2,1,,green_tripdata_2017-05.parquet
2,2017-01-07 01:07:52,2017-01-07 01:33:43,N,1,75,265,2,10.37,30.5,0.5,0.5,0.0,10.5,,0.3,42.3,2,1,,green_tripdata_2017-01.parquet
1,2017-01-21 00:51:48,2017-01-21 01:36:55,N,1,129,265,2,15.7,49.0,0.5,0.5,0.0,10.5,,0.3,60.8,2,1,,green_tripdata_2017-01.parquet
2,2017-02-04 04:29:14,2017-02-04 04:51:32,N,1,112,265,2,7.45,23.5,0.5,0.5,0.0,10.5,,0.3,35.3,2,1,,green_tripdata_2017-02.parquet
2,2017-06-04 01:10:21,2017-06-04 01:22:24,N,1,243,265,2,5.02,16.0,0.5,0.5,0.0,10.5,,0.3,27.8,2,1,,green_tripdata_2017-06.parquet
2,2017-06-11 21:57:02,2017-06-11 22:41:57,N,1,41,265,2,15.9,47.5,0.5,0.5,0.0,10.5,,0.3,59.3,2,1,,green_tripdata_2017-06.parquet
1,2017-06-24 00:16:04,2017-06-24 00:50:06,N,1,49,265,2,11.3,36.0,0.5,0.5,0.0,10.5,,0.3,47.8,2,1,,green_tripdata_2017-06.parquet
2,2017-10-15 00:35:42,2017-10-15 01:36:57,N,1,168,265,2,11.75,47.5,0.5,0.5,0.0,10.5,,0.3,59.3,2,1,,green_tripdata_2017-10.parquet
1,2017-10-24 01:37:50,2017-10-24 02:40:58,N,1,173,265,2,23.7,71.0,0.5,0.5,0.0,10.5,,0.3,82.8,2,1,,green_tripdata_2017-10.parquet
2,2017-07-15 23:35:11,2017-07-16 00:20:28,N,1,260,265,2,12.42,41.5,0.5,0.5,0.0,10.5,,0.3,53.3,2,1,,green_tripdata_2017-07.parquet
2,2017-07-21 23:13:21,2017-07-22 06:59:58,N,1,255,265,2,10.93,36.5,0.5,0.5,0.0,10.5,,0.3,48.3,2,1,,green_tripdata_2017-07.parquet
2,2017-09-12 21:25:02,2017-09-12 22:02:59,N,1,166,265,2,10.27,35.0,0.5,0.5,0.0,10.5,,0.3,46.8,2,1,,green_tripdata_2017-09.parquet
1,2017-11-24 23:45:40,2017-11-25 00:20:05,N,1,244,265,2,25.4,67.0,0.5,0.5,0.0,10.5,,0.3,78.8,2,1,,green_tripdata_2017-11.parquet
2,2017-03-09 20:00:03,2017-03-09 20:40:21,N,1,181,265,2,6.77,29.0,0.5,0.5,0.0,10.5,,0.3,40.8,1,1,,green_tripdata_2017-03.parquet
1,2017-05-07 04:39:36,2017-05-07 05:11:53,N,1,80,265,2,11.9,36.0,0.5,0.5,0.0,10.5,,0.3,47.8,3,1,,green_tripdata_2017-05.parquet
1,2017-01-04 04:11:59,2017-01-04 05:16:28,N,1,61,265,2,20.7,65.5,0.5,0.5,0.0,10.5,,0.3,77.3,1,1,,green_tripdata_2017-01.parquet
1,2017-12-30 02:32:33,2017-12-30 02:37:58,N,1,244,265,2,2.3,8.5,0.5,0.5,0.0,10.5,,0.3,20.3,1,1,,green_tripdata_2017-12.parquet
1,2017-09-12 01:18:26,2017-09-12 02:29:43,N,1,41,265,2,22.1,72.5,0.5,0.5,0.0,10.5,,0.3,84.3,1,1,,green_tripdata_2017-09.parquet
1,2017-11-28 01:32:17,2017-11-28 01:45:39,N,1,244,265,2,8.1,23.5,0.5,0.5,0.0,10.5,,0.3,35.3,1,1,,green_tripdata_2017-11.parquet
2,2017-03-25 00:10:19,2017-03-25 01:04:41,N,1,66,117,2,32.4,87.0,0.5,0.5,0.0,2.16,,0.3,90.46,2,1,,green_tripdata_2017-03.parquet
1,2017-04-07 23:59:33,2017-04-08 00:44:45,N,1,25,117,2,23.8,65.5,0.5,0.5,0.0,2.16,,0.3,68.96,1,1,,green_tripdata_2017-04.parquet
2,2017-04-08 00:44:20,2017-04-08 01:33:51,N,1,97,117,2,14.26,46.0,0.5,0.5,0.0,2.16,,0.3,49.46,1,1,,green_tripdata_2017-04.parquet
1,2017-10-22 04:24:09,2017-10-22 05:13:46,N,1,129,117,2,28.1,75.0,0.5,0.5,0.0,2.16,,0.3,78.46,2,1,,green_tripdata_2017-10.parquet
2,2017-09-05 20:54:31,2017-09-05 21:33:29,N,1,129,117,2,12.93,41.5,0.5,0.5,0.0,2.16,,0.3,44.96,2,1,,green_tripdata_2017-09.parquet
1,2017-09-03 22:34:33,2017-09-03 23:05:19,N,1,14,117,2,13.9,39.5,0.5,0.5,0.0,2.16,,0.3,42.96,3,1,,green_tripdata_2017-09.parquet
2,2017-09-17 20:41:37,2017-09-17 21:33:51,N,1,188,117,2,14.82,48.5,0.5,0.5,0.0,2.16,,0.3,53.91,1,1,,green_tripdata_2017-09.parquet
2,2017-09-24 21:20:10,2017-09-24 21:48:18,N,1,124,117,2,9.01,29.5,0.5,0.5,0.0,2.16,,0.3,32.96,1,1,,green_tripdata_2017-09.parquet
2,2017-09-30 23:20:50,2017-10-01 00:04:22,N,1,82,117,2,13.34,44.0,0.5,0.5,0.0,2.16,,0.3,47.46,1,1,,green_tripdata_2017-09.parquet
2,2017-11-11 22:16:03,2017-11-11 22:42:50,N,1,216,117,2,9.37,29.5,0.5,0.5,0.0,2.16,,0.3,32.96,1,1,,green_tripdata_2017-11.parquet
2,2017-11-12 00:58:22,2017-11-12 01:31:26,N,1,260,117,2,20.39,55.0,0.5,0.5,0.0,2.16,,0.3,58.46,1,1,,green_tripdata_2017-11.parquet
2,2017-11-23 23:09:31,2017-11-24 00:02:27,N,1,91,117,2,11.4,36.0,0.5,0.5,0.0,2.16,,0.3,39.46,2,1,,green_tripdata_2017-11.parquet
1,2017-03-27 22:45:26,2017-03-27 23:17:18,N,1,61,201,2,11.8,36.0,0.5,0.5,0.0,2.16,,0.3,39.46,2,1,,green_tripdata_2017-03.parquet
2,2017-03-30 20:59:04,2017-03-30 21:34:38,N,1,65,201,2,20.59,56.5,0.5,0.5,0.0,2.16,,0.3,59.96,2,1,,green_tripdata_2017-03.parquet
1,2017-04-02 02:18:23,2017-04-02 03:01:25,N,1,255,201,2,14.6,45.0,0.5,0.5,0.0,2.16,,0.3,48.46,2,1,,green_tripdata_2017-04.parquet
2,2017-04-21 20:32:51,2017-04-21 21:14:46,N,1,257,201,2,22.21,61.0,0.5,0.5,0.0,2.16,,0.3,64.46,2,1,,green_tripdata_2017-04.parquet
2,2017-05-20 04:12:10,2017-05-20 04:41:48,N,1,95,201,2,12.38,36.5,0.5,0.5,0.0,2.16,,0.3,39.96,1,1,,green_tripdata_2017-05.parquet
2,2017-12-03 00:20:20,2017-12-03 00:59:18,N,1,37,27,2,23.59,63.5,0.5,0.5,0.0,2.16,,0.3,66.96,1,1,,green_tripdata_2017-12.parquet
2,2017-12-10 04:20:10,2017-12-10 04:39:16,N,1,258,201,2,8.74,26.0,0.5,0.5,0.0,2.16,,0.3,29.46,2,1,,green_tripdata_2017-12.parquet
2,2017-12-13 20:55:45,2017-12-13 21:36:39,N,1,201,129,2,17.05,51.0,0.5,0.5,0.0,2.16,,0.3,54.46,1,1,,green_tripdata_2017-12.parquet
2,2017-12-17 20:01:00,2017-12-17 20:48:44,N,1,150,86,2,12.56,43.5,0.5,0.5,0.0,2.16,,0.3,46.96,1,1,,green_tripdata_2017-12.parquet
2,2017-12-24 22:32:55,2017-12-24 23:18:32,N,1,55,86,2,14.23,45.0,0.5,0.5,0.0,2.16,,0.3,48.46,1,1,,green_tripdata_2017-12.parquet
2,2017-12-29 23:49:34,2017-12-30 00:21:24,N,1,191,201,2,21.24,57.0,0.5,0.5,0.0,2.16,,0.3,60.46,1,1,,green_tripdata_2017-12.parquet
1,2017-09-08 01:30:12,2017-09-08 02:28:06,Y,1,196,201,2,19.8,63.5,0.5,0.5,0.0,2.16,,0.3,66.96,2,1,,green_tripdata_2017-09.parquet
1,2017-09-13 22:07:16,2017-09-13 22:43:57,N,1,61,201,2,11.8,37.0,0.5,0.5,0.0,2.16,,0.3,40.46,2,1,,green_tripdata_2017-09.parquet
2,2017-11-07 21:11:55,2017-11-07 21:43:36,N,1,91,201,2,9.2,30.5,0.5,0.5,0.0,2.16,,0.3,33.96,1,1,,green_tripdata_2017-11.parquet
2,2017-11-22 20:14:40,2017-11-22 20:30:46,N,1,196,92,2,4.65,16.5,0.5,0.5,0.0,2.16,,0.3,19.96,2,1,,green_tripdata_2017-11.parquet
2,2017-03-09 21:05:36,2017-03-09 21:17:44,N,1,152,220,2,5.68,18.0,0.5,0.5,0.0,2.54,,0.3,21.84,1,1,,green_tripdata_2017-03.parquet
1,2017-03-03 15:02:37,2017-03-03 15:19:23,N,1,244,200,2,5.5,19.5,0.5,0.5,0.0,2.54,,0.3,23.34,2,1,,green_tripdata_2017-03.parquet
2,2017-03-03 22:04:17,2017-03-03 22:15:44,N,1,116,200,2,5.03,16.5,0.5,0.5,0.0,2.54,,0.3,20.34,2,1,,green_tripdata_2017-03.parquet
2,2017-03-18 21:40:20,2017-03-18 21:59:57,N,1,74,220,2,8.58,25.0,0.5,0.5,0.0,2.54,,0.3,28.84,2,1,,green_tripdata_2017-03.parquet
2,2017-03-18 21:14:30,2017-03-18 21:32:08,N,1,166,200,2,8.05,24.0,0.5,0.5,0.0,2.54,,0.3,27.84,2,1,,green_tripdata_2017-03.parquet
2,2017-02-05 23:46:40,2017-02-06 00:08:46,N,1,127,32,2,8.05,25.5,0.5,0.5,0.0,2.54,,0.3,29.34,2,1,,green_tripdata_2017-02.parquet
2,2017-02-07 21:48:12,2017-02-07 21:56:35,N,1,244,200,2,3.85,13.0,0.5,0.5,0.0,2.54,,0.3,16.84,2,1,,green_tripdata_2017-02.parquet
1,2017-02-18 13:01:32,2017-02-18 13:14:22,N,1,244,200,2,4.7,16.5,0.5,0.5,0.0,2.54,,0.3,20.34,2,1,,green_tripdata_2017-02.parquet
2,2017-02-04 19:29:41,2017-02-04 19:43:20,N,1,127,200,2,4.37,14.5,0.5,0.5,0.0,2.54,,0.3,18.34,1,1,,green_tripdata_2017-02.parquet
2,2017-02-18 00:59:16,2017-02-18 01:12:02,N,1,152,200,2,7.49,21.5,0.5,0.5,0.0,2.54,,0.3,25.34,1,1,,green_tripdata_2017-02.parquet
1,2017-02-03 20:07:11,2017-02-03 20:20:11,N,1,116,220,2,5.1,16.5,0.5,0.5,0.0,2.54,,0.3,20.34,2,1,,green_tripdata_2017-02.parquet
2,2017-02-20 21:28:28,2017-02-20 21:43:13,N,1,166,220,2,6.47,20.0,0.5,0.5,0.0,2.54,,0.3,23.84,2,1,,green_tripdata_2017-02.parquet
1,2017-02-16 20:23:11,2017-02-16 20:32:56,N,1,244,220,2,4.3,13.5,0.5,0.5,0.0,2.54,,0.3,17.34,2,1,,green_tripdata_2017-02.parquet
2,2017-09-27 20:18:38,2017-09-27 20:45:56,N,1,75,220,2,8.23,26.0,0.5,0.5,0.0,2.54,,0.3,29.84,2,1,,green_tripdata_2017-09.parquet
2,2017-03-10 23:30:37,2017-03-11 00:05:27,N,1,255,251,2,18.39,51.0,0.5,0.5,0.0,11.08,,0.3,63.38,2,1,,green_tripdata_2017-03.parquet
2,2017-01-12 06:20:04,2017-01-12 06:21:13,N,1,72,61,2,0.0,309.5,0.5,0.5,0.0,11.08,,0.3,321.88,2,1,,green_tripdata_2017-01.parquet
2,2017-01-22 01:08:40,2017-01-22 01:39:14,N,1,255,187,2,19.29,53.0,0.5,0.5,0.0,11.08,,0.3,65.38,2,1,,green_tripdata_2017-01.parquet
1,2017-01-01 05:20:05,2017-01-01 06:18:27,N,1,82,173,2,26.2,74.5,0.5,0.5,0.0,11.08,,0.3,86.88,1,1,,green_tripdata_2017-01.parquet
2,2017-02-11 01:43:53,2017-02-11 02:13:55,N,1,256,115,2,16.78,46.0,0.5,0.5,0.0,11.08,,0.3,58.38,1,1,,green_tripdata_2017-02.parquet
2,2017-02-21 22:47:31,2017-02-21 23:12:13,N,1,228,156,2,12.74,36.5,0.5,0.5,0.0,11.08,,0.3,48.88,2,1,,green_tripdata_2017-02.parquet
1,2017-02-23 23:20:12,2017-02-24 00:03:53,N,1,255,84,2,31.0,81.5,0.5,0.5,0.0,11.08,,0.3,93.88,2,1,,green_tripdata_2017-02.parquet
1,2017-02-24 21:24:24,2017-02-24 21:46:03,N,1,22,156,2,11.2,32.0,0.5,0.5,0.0,11.08,,0.3,44.38,1,1,,green_tripdata_2017-02.parquet
2,2017-02-25 01:56:10,2017-02-25 02:21:16,N,1,25,221,2,11.72,33.5,0.5,0.5,0.0,11.08,,0.3,45.88,1,1,,green_tripdata_2017-02.parquet
1,2017-02-25 03:53:43,2017-02-25 04:43:37,N,1,17,172,2,21.9,62.0,0.5,0.5,0.0,11.08,,0.3,74.38,4,1,,green_tripdata_2017-02.parquet
2,2017-02-26 22:56:39,2017-02-26 23:21:23,N,1,97,221,2,11.92,35.0,0.5,0.5,0.0,11.08,,0.3,47.38,2,1,,green_tripdata_2017-02.parquet
1,2017-06-01 02:55:27,2017-06-01 03:19:45,N,1,179,78,2,8.2,27.0,0.5,0.5,0.0,11.82,,0.3,40.12,3,1,,green_tripdata_2017-06.parquet
1,2017-10-01 10:15:37,2017-10-01 10:28:33,N,1,243,74,2,4.7,15.5,0.5,0.5,0.0,0.02,,0.3,16.82,4,1,,green_tripdata_2017-10.parquet
1,2017-09-28 01:20:24,2017-09-28 01:48:33,N,1,173,116,2,9.2,30.5,0.5,0.5,0.0,10.76,,0.3,42.56,3,1,,green_tripdata_2017-09.parquet
2,2017-03-15 21:29:47,2017-03-15 21:40:37,N,1,225,97,2,1.93,9.5,0.5,0.5,0.0,0.5,,0.3,11.3,1,1,,green_tripdata_2017-03.parquet
1,2017-03-25 23:07:07,2017-03-25 23:26:26,N,1,51,174,2,3.5,15.0,0.5,0.5,0.0,2.0,,0.3,18.3,1,1,,green_tripdata_2017-03.parquet
2,2017-05-06 21:16:49,2017-05-06 21:49:39,N,1,94,129,2,10.7,35.5,0.5,0.5,0.0,5.77,,0.3,42.57,1,1,,green_tripdata_2017-05.parquet
1,2017-05-22 00:11:46,2017-05-22 01:06:34,N,1,42,39,2,30.7,82.5,0.5,0.5,0.0,8.5,,0.3,92.3,1,1,,green_tripdata_2017-05.parquet
2,2017-01-06 02:54:48,2017-01-06 03:24:46,N,1,117,196,2,12.27,36.5,0.5,0.5,0.0,2.08,,0.3,39.88,1,1,,green_tripdata_2017-01.parquet
2,2017-01-21 05:27:53,2017-01-21 06:04:27,N,1,255,220,2,16.77,45.0,0.5,0.5,0.0,8.08,,0.3,54.38,1,1,,green_tripdata_2017-01.parquet
1,2017-01-28 04:41:46,2017-01-28 05:10:45,N,1,102,243,2,18.3,49.0,0.5,0.5,0.0,10.54,,0.3,60.84,1,1,,green_tripdata_2017-01.parquet
1,2017-02-12 20:42:40,2017-02-12 22:03:18,N,1,17,17,2,29.0,86.5,0.5,0.5,0.0,4.16,,0.3,91.96,1,1,,green_tripdata_2017-02.parquet
2,2017-12-22 03:03:15,2017-12-22 03:26:11,N,1,82,116,2,9.15,28.0,0.5,0.5,0.0,13.68,,0.3,42.98,1,1,,green_tripdata_2017-12.parquet
2,2017-09-19 22:46:36,2017-09-19 23:02:49,N,1,74,226,2,7.56,23.0,0.5,0.5,0.0,8.5,,0.3,32.8,1,1,,green_tripdata_2017-09.parquet
2,2017-09-24 02:33:36,2017-09-24 02:57:26,N,1,40,71,2,5.19,20.0,0.5,0.5,0.0,2.0,,0.3,23.3,1,1,,green_tripdata_2017-09.parquet
2,2017-09-30 02:10:26,2017-09-30 02:29:30,N,1,49,71,2,4.61,17.0,0.5,0.5,0.0,1.5,,0.3,19.8,1,1,,green_tripdata_2017-09.parquet
2,2017-11-01 05:55:22,2017-11-01 06:52:23,N,1,165,17,2,10.82,42.5,0.5,0.5,0.0,25.0,,0.3,68.8,1,1,,green_tripdata_2017-11.parquet
2,2017-11-16 20:56:41,2017-11-16 21:35:00,N,1,25,35,2,7.15,28.0,0.5,0.5,0.0,65.8,,0.3,95.1,1,1,,green_tripdata_2017-11.parquet
2,2017-11-19 00:20:23,2017-11-19 01:11:40,N,1,3,201,2,26.2,72.5,0.5,0.5,0.0,7.92,,0.3,81.72,1,1,,green_tripdata_2017-11.parquet
1,2017-03-19 03:06:21,2017-03-19 03:29:30,N,1,244,241,2,11.6,33.0,0.5,0.5,0.0,21.0,,0.3,55.3,2,1,,green_tripdata_2017-03.parquet
2,2017-04-08 05:51:40,2017-04-08 06:12:07,N,1,166,138,2,7.48,24.5,0.5,0.5,0.0,8.0,,0.3,33.8,2,1,,green_tripdata_2017-04.parquet
2,2017-04-21 23:35:43,2017-04-22 00:12:55,N,1,83,244,2,9.69,36.5,0.5,0.5,0.0,9.0,,0.3,46.8,2,1,,green_tripdata_2017-04.parquet
1,2017-05-19 23:01:35,2017-05-19 23:32:51,N,1,20,98,2,14.3,41.0,0.5,0.5,0.0,5.75,,0.3,48.05,2,1,,green_tripdata_2017-05.parquet
2,2017-05-23 22:42:29,2017-05-23 23:37:01,N,1,255,68,2,14.54,49.0,0.5,0.5,0.0,21.0,,0.3,71.3,2,1,,green_tripdata_2017-05.parquet
2,2017-05-28 23:21:57,2017-05-29 00:56:52,N,1,127,132,2,41.94,122.0,0.5,0.5,0.0,10.5,,0.3,137.7,2,1,,green_tripdata_2017-05.parquet
2,2017-01-07 21:07:19,2017-01-07 21:45:45,N,1,196,117,2,12.98,40.0,0.5,0.5,0.0,2.08,,0.3,43.38,2,1,,green_tripdata_2017-01.parquet
2,2017-01-12 21:55:04,2017-01-12 22:28:41,N,1,196,117,2,12.62,38.5,0.5,0.5,0.0,2.08,,0.3,41.88,2,1,,green_tripdata_2017-01.parquet
1,2017-01-21 23:51:49,2017-01-22 00:38:35,N,1,255,117,2,17.6,52.5,0.5,0.5,0.0,2.08,,0.3,55.88,2,1,,green_tripdata_2017-01.parquet
1,2017-01-01 01:41:49,2017-01-01 01:57:05,N,1,247,129,2,7.6,22.5,0.5,0.5,0.0,8.0,,0.3,31.8,2,1,,green_tripdata_2017-01.parquet
2,2017-01-10 20:48:24,2017-01-10 21:32:25,N,1,152,6,2,19.67,56.0,0.5,0.5,0.0,16.62,,0.3,73.92,2,1,,green_tripdata_2017-01.parquet
1,2017-01-16 04:56:07,2017-01-16 05:23:57,N,1,34,1,2,17.6,47.5,0.5,0.5,0.0,11.7,,0.3,60.5,2,1,,green_tripdata_2017-01.parquet
1,2017-01-26 23:33:55,2017-01-26 23:54:26,N,1,112,68,2,4.8,18.0,0.5,0.5,0.0,95.54,,0.3,114.84,2,1,,green_tripdata_2017-01.parquet
1,2017-02-08 04:08:14,2017-02-08 04:40:37,N,1,129,247,2,9.8,33.0,0.5,0.5,0.0,11.0,,0.3,45.3,2,1,,green_tripdata_2017-02.parquet
2,2017-02-10 21:19:14,2017-02-10 22:11:59,N,1,181,117,2,15.35,49.0,0.5,0.5,0.0,2.08,,0.3,52.38,2,1,,green_tripdata_2017-02.parquet
1,2017-02-13 23:54:42,2017-02-14 00:43:05,N,1,255,201,2,12.1,45.5,0.5,0.5,0.0,2.0,,0.3,48.8,2,1,,green_tripdata_2017-02.parquet
1,2017-10-13 01:20:48,2017-10-13 01:32:59,N,1,264,170,2,3.5,13.0,0.5,0.5,0.0,95.44,,0.3,109.74,2,1,,green_tripdata_2017-10.parquet
1,2017-10-20 15:42:12,2017-10-20 17:16:25,N,1,75,206,2,22.5,75.0,0.5,0.5,0.0,17.28,,0.3,93.58,2,1,,green_tripdata_2017-10.parquet
1,2017-10-28 23:15:35,2017-10-28 23:35:19,N,1,129,69,2,7.9,24.5,0.5,0.5,0.0,12.0,,0.3,37.8,2,1,,green_tripdata_2017-10.parquet
1,2017-07-22 01:13:44,2017-07-22 01:42:45,N,1,82,29,2,20.1,53.5,0.5,0.5,0.0,10.5,,0.3,65.3,2,1,,green_tripdata_2017-07.parquet
2,2017-12-19 23:14:50,2017-12-19 23:28:55,N,1,196,258,2,3.46,13.5,0.5,0.5,0.0,2.0,,0.3,16.8,2,1,,green_tripdata_2017-12.parquet
2,2017-09-04 01:28:39,2017-09-04 01:44:42,N,1,41,223,2,5.36,17.5,0.5,0.5,0.0,8.5,,0.3,27.3,2,1,,green_tripdata_2017-09.parquet
2,2017-09-04 01:59:21,2017-09-04 02:11:02,N,1,223,167,2,4.59,14.5,0.5,0.5,0.0,8.5,,0.3,24.3,2,1,,green_tripdata_2017-09.parquet
1,2017-09-07 23:54:23,2017-09-08 00:12:50,N,1,129,198,2,5.3,18.5,0.5,0.5,0.0,2.0,,0.3,21.8,2,1,,green_tripdata_2017-09.parquet
1,2017-09-10 00:57:24,2017-09-10 01:18:36,N,1,129,248,2,9.4,27.5,0.5,0.5,0.0,10.76,,0.3,39.56,2,1,,green_tripdata_2017-09.parquet
2,2017-09-11 00:39:24,2017-09-11 01:02:56,N,1,152,92,2,10.41,30.5,0.5,0.5,0.0,8.5,,0.3,40.3,2,1,,green_tripdata_2017-09.parquet
2,2017-09-15 22:49:35,2017-09-15 23:10:47,N,1,256,179,2,6.93,23.0,0.5,0.5,0.0,10.5,,0.3,34.8,2,1,,green_tripdata_2017-09.parquet
1,2017-03-09 10:26:45,2017-03-09 11:07:14,N,1,82,18,2,12.4,39.0,0.0,0.5,0.0,8.0,,0.3,47.8,2,1,,green_tripdata_2017-03.parquet
1,2017-03-10 14:25:51,2017-03-10 15:09:31,N,1,82,117,2,12.0,40.5,0.0,0.5,0.0,2.08,,0.3,43.38,2,1,,green_tripdata_2017-03.parquet
2,2017-07-13 12:46:17,2017-07-13 13:26:04,N,1,82,117,2,11.71,38.5,0.0,0.5,0.0,2.16,,0.3,41.46,2,1,,green_tripdata_2017-07.parquet
1,2017-07-20 13:42:04,2017-07-20 13:50:29,N,1,82,129,2,2.4,9.5,0.0,0.5,0.0,2.0,,0.3,12.3,2,1,,green_tripdata_2017-07.parquet
1,2017-07-21 14:05:50,2017-07-21 14:12:03,N,1,82,56,2,0.8,6.0,0.0,0.5,0.0,2.0,,0.3,8.8,2,1,,green_tripdata_2017-07.parquet
1,2017-07-26 13:40:30,2017-07-26 14:11:56,N,1,82,117,2,13.2,38.0,0.0,0.5,0.0,2.16,,0.3,40.96,2,1,,green_tripdata_2017-07.parquet
1,2017-07-28 13:03:52,2017-07-28 13:19:28,N,1,82,92,2,3.8,14.5,0.0,0.5,0.0,3.0,,0.3,18.3,2,1,,green_tripdata_2017-07.parquet
1,2017-07-29 13:53:24,2017-07-29 14:13:00,N,1,82,129,2,2.3,14.0,0.0,0.5,0.0,2.0,,0.3,16.8,2,1,,green_tripdata_2017-07.parquet
1,2017-07-30 18:40:30,2017-07-30 18:50:48,N,1,82,226,2,2.4,10.5,0.0,0.5,0.0,2.0,,0.3,13.3,2,1,,green_tripdata_2017-07.parquet
1,2017-09-02 14:59:22,2017-09-02 15:15:43,N,1,82,7,2,4.2,16.0,0.0,0.5,0.0,2.0,,0.3,18.8,2,1,,green_tripdata_2017-09.parquet
1,2017-09-02 19:36:07,2017-09-02 19:51:38,N,1,82,179,2,5.3,17.0,0.0,0.5,0.0,0.5,,0.3,18.3,2,1,,green_tripdata_2017-09.parquet
1,2017-09-04 18:49:13,2017-09-04 19:35:31,N,1,82,201,2,12.0,42.5,0.0,0.5,0.0,2.16,,0.3,45.46,2,1,,green_tripdata_2017-09.parquet
1,2017-11-01 13:51:22,2017-11-01 14:13:09,N,1,82,37,2,4.5,18.0,0.0,0.5,0.0,2.0,,0.3,20.8,2,1,,green_tripdata_2017-11.parquet
2,2017-11-04 17:25:19,2017-11-04 18:14:45,N,1,82,86,2,14.45,47.5,0.0,0.5,0.0,2.16,,0.3,50.46,2,1,,green_tripdata_2017-11.parquet
2,2017-11-11 17:08:22,2017-11-12 16:18:37,N,1,82,201,2,15.35,44.5,0.0,0.5,0.0,2.16,,0.3,47.46,2,1,,green_tripdata_2017-11.parquet
2,2017-03-23 12:45:16,2017-03-23 13:11:01,N,1,82,192,2,3.56,18.0,0.0,0.5,0.0,1.0,,0.3,19.8,2,1,,green_tripdata_2017-03.parquet
1,2017-05-04 14:41:13,2017-05-04 15:02:45,N,1,82,252,2,5.5,18.0,0.0,0.5,0.0,1.0,,0.3,19.8,2,1,,green_tripdata_2017-05.parquet
1,2017-10-20 12:35:28,2017-10-20 12:53:41,N,1,82,198,2,5.7,19.5,0.0,0.5,0.0,1.0,,0.3,21.3,2,1,,green_tripdata_2017-10.parquet
1,2017-10-21 15:05:23,2017-10-21 15:13:15,N,1,82,83,2,1.4,7.5,0.0,0.5,0.0,1.0,,0.3,9.3,2,1,,green_tripdata_2017-10.parquet
1,2017-10-29 17:17:13,2017-10-29 17:29:51,N,1,82,82,2,1.6,9.0,0.0,0.5,0.0,1.0,,0.3,10.8,2,1,,green_tripdata_2017-10.parquet
1,2017-07-16 19:12:48,2017-07-16 19:19:47,N,1,82,95,2,2.3,8.5,0.0,0.5,0.0,1.0,,0.3,10.3,2,1,,green_tripdata_2017-07.parquet
1,2017-07-16 19:47:28,2017-07-16 19:56:16,N,1,82,95,2,2.5,10.0,0.0,0.5,0.0,1.0,,0.3,11.8,2,1,,green_tripdata_2017-07.parquet
1,2017-07-17 15:21:36,2017-07-17 15:28:05,N,1,82,95,2,1.6,7.5,0.0,0.5,0.0,1.0,,0.3,9.3,2,1,,green_tripdata_2017-07.parquet
1,2017-07-20 14:49:16,2017-07-20 14:56:26,N,1,82,173,2,1.2,6.5,0.0,0.5,0.0,1.0,,0.3,8.3,2,1,,green_tripdata_2017-07.parquet
1,2017-07-20 15:05:12,2017-07-20 15:12:49,N,1,82,95,2,1.2,7.0,0.0,0.5,0.0,1.0,,0.3,8.8,2,1,,green_tripdata_2017-07.parquet
1,2017-07-28 14:05:53,2017-07-28 14:15:53,N,1,82,129,2,1.3,8.0,0.0,0.5,0.0,1.0,,0.3,9.8,2,1,,green_tripdata_2017-07.parquet
1,2017-07-28 15:11:15,2017-07-28 15:27:01,N,1,82,129,2,2.1,11.5,0.0,0.5,0.0,1.0,,0.3,13.3,2,1,,green_tripdata_2017-07.parquet
1,2017-07-29 17:59:16,2017-07-29 18:13:04,N,1,82,173,2,1.6,10.5,0.0,0.5,0.0,1.0,,0.3,12.3,2,1,,green_tripdata_2017-07.parquet
1,2017-12-08 14:07:20,2017-12-08 14:14:23,N,1,82,157,2,2.3,9.0,0.0,0.5,0.0,1.0,,0.3,10.8,2,1,,green_tripdata_2017-12.parquet
1,2017-12-15 12:43:50,2017-12-15 13:07:05,N,1,82,37,2,4.9,19.0,0.0,0.5,0.0,1.0,,0.3,20.8,2,1,,green_tripdata_2017-12.parquet
1,2017-12-16 15:20:10,2017-12-16 15:33:24,N,1,82,56,2,1.5,9.5,0.0,0.5,0.0,1.0,,0.3,11.3,2,1,,green_tripdata_2017-12.parquet
1,2017-09-02 16:46:08,2017-09-02 17:01:19,N,1,82,57,2,1.7,11.5,0.0,0.5,0.0,1.0,,0.3,13.3,2,1,,green_tripdata_2017-09.parquet
1,2017-09-03 16:56:48,2017-09-03 17:19:13,N,1,82,179,2,4.9,20.0,0.0,0.5,0.0,1.0,,0.3,21.8,2,1,,green_tripdata_2017-09.parquet
1,2017-09-08 15:40:07,2017-09-08 15:55:17,N,1,82,160,2,1.1,10.5,0.0,0.5,0.0,1.0,,0.3,12.3,2,1,,green_tripdata_2017-09.parquet
1,2017-11-04 17:07:53,2017-11-04 17:18:24,N,1,82,56,2,1.4,8.5,0.0,0.5,0.0,1.0,,0.3,10.3,2,1,,green_tripdata_2017-11.parquet
1,2017-11-04 18:43:35,2017-11-04 19:03:10,N,1,82,73,2,5.3,18.5,0.0,0.5,0.0,1.0,,0.3,20.3,2,1,,green_tripdata_2017-11.parquet
1,2017-11-12 17:15:09,2017-11-12 17:29:19,N,1,82,226,2,2.7,12.5,0.0,0.5,0.0,1.0,,0.3,14.3,2,1,,green_tripdata_2017-11.parquet
1,2017-11-18 19:21:46,2017-11-18 19:36:48,N,1,82,36,2,4.1,14.5,0.0,0.5,0.0,1.0,,0.3,16.3,2,1,,green_tripdata_2017-11.parquet
1,2017-11-19 16:06:55,2017-11-19 16:17:42,N,1,82,82,2,0.7,8.0,0.0,0.5,0.0,1.0,,0.3,9.8,2,1,,green_tripdata_2017-11.parquet
1,2017-11-19 17:44:16,2017-11-19 17:56:01,N,1,82,260,2,1.9,10.0,0.0,0.5,0.0,1.0,,0.3,11.8,2,1,,green_tripdata_2017-11.parquet
1,2017-11-24 14:02:25,2017-11-24 14:15:45,N,1,82,260,2,1.9,11.0,0.0,0.5,0.0,1.0,,0.3,12.8,2,1,,green_tripdata_2017-11.parquet
2,2017-03-04 17:44:56,2017-03-04 17:55:01,N,1,243,220,2,3.81,13.5,0.0,0.5,0.0,2.54,,0.3,16.84,2,1,,green_tripdata_2017-03.parquet
1,2017-03-12 07:23:00,2017-03-12 07:30:27,N,1,152,220,2,5.0,15.0,0.0,0.5,0.0,2.54,,0.3,18.34,2,1,,green_tripdata_2017-03.parquet
2,2017-01-24 11:04:31,2017-01-24 11:14:40,N,1,244,220,2,4.64,14.5,0.0,0.5,0.0,2.54,,0.3,17.84,2,1,,green_tripdata_2017-01.parquet
2,2017-01-25 12:14:04,2017-01-25 12:25:08,N,1,244,220,2,3.87,13.5,0.0,0.5,0.0,2.54,,0.3,16.84,2,1,,green_tripdata_2017-01.parquet
2,2017-01-02 15:04:41,2017-01-02 15:15:22,N,1,152,220,2,5.73,17.0,0.0,0.5,0.0,2.54,,0.3,20.34,2,1,,green_tripdata_2017-01.parquet
2,2017-01-11 15:56:44,2017-01-11 16:23:11,N,1,166,220,2,6.94,24.5,0.0,0.5,0.0,2.54,,0.3,27.84,2,1,,green_tripdata_2017-01.parquet
2,2017-02-03 09:32:49,2017-02-03 09:49:21,N,1,166,220,2,6.9,22.5,0.0,0.5,0.0,2.54,,0.3,25.84,2,1,,green_tripdata_2017-02.parquet
2,2017-02-16 09:10:37,2017-02-16 09:29:14,N,1,166,220,2,6.45,22.0,0.0,0.5,0.0,2.54,,0.3,25.34,2,1,,green_tripdata_2017-02.parquet
2,2017-02-18 14:55:57,2017-02-18 15:07:41,N,1,243,220,2,4.05,14.0,0.0,0.5,0.0,2.54,,0.3,17.34,2,1,,green_tripdata_2017-02.parquet
1,2017-02-20 07:23:37,2017-02-20 07:30:34,N,1,152,220,2,5.2,15.5,0.0,0.5,0.0,2.54,,0.3,18.84,2,1,,green_tripdata_2017-02.parquet
1,2017-02-27 07:25:02,2017-02-27 07:35:03,N,1,152,220,2,5.5,17.0,0.0,0.5,0.0,2.54,,0.3,20.34,2,1,,green_tripdata_2017-02.parquet
2,2017-02-07 13:55:02,2017-02-07 14:04:07,N,1,244,220,2,3.62,12.5,0.0,0.5,0.0,2.54,,0.3,15.84,2,1,,green_tripdata_2017-02.parquet
2,2017-02-08 15:46:36,2017-02-08 15:55:23,N,1,244,220,2,4.03,13.0,0.0,0.5,0.0,2.54,,0.3,16.34,2,1,,green_tripdata_2017-02.parquet
2,2017-02-20 19:10:41,2017-02-20 19:22:20,N,1,244,220,2,4.55,14.5,0.0,0.5,0.0,2.54,,0.3,17.84,2,1,,green_tripdata_2017-02.parquet
2,2017-02-25 14:51:31,2017-02-25 14:59:51,N,1,244,220,2,3.94,13.0,0.0,0.5,0.0,2.54,,0.3,16.34,2,1,,green_tripdata_2017-02.parquet
2,2017-03-17 15:15:24,2017-03-17 15:26:18,N,1,244,200,2,4.85,15.5,0.0,0.5,0.0,2.54,,0.3,18.84,2,1,,green_tripdata_2017-03.parquet
1,2017-01-08 16:13:26,2017-01-08 16:31:41,N,1,41,200,2,8.4,25.0,0.0,0.5,0.0,2.54,,0.3,28.34,2,1,,green_tripdata_2017-01.parquet
2,2017-01-10 09:06:19,2017-01-10 09:12:01,N,1,127,200,2,2.02,8.0,0.0,0.5,0.0,2.54,,0.3,11.34,2,1,,green_tripdata_2017-01.parquet
2,2017-01-18 08:35:02,2017-01-18 08:58:30,N,1,75,200,2,11.04,32.5,0.0,0.5,0.0,2.54,,0.3,35.84,2,1,,green_tripdata_2017-01.parquet
1,2017-02-15 14:38:15,2017-02-15 14:53:09,N,1,244,200,2,5.8,19.0,0.0,0.5,0.0,2.54,,0.3,22.34,2,1,,green_tripdata_2017-02.parquet
2,2017-02-24 14:33:34,2017-02-24 14:53:13,N,1,244,200,2,6.25,20.5,0.0,0.5,0.0,2.54,,0.3,23.84,2,1,,green_tripdata_2017-02.parquet
2,2017-02-02 09:50:09,2017-02-02 10:07:28,N,1,166,200,2,7.45,23.0,0.0,0.5,0.0,2.54,,0.3,26.34,2,1,,green_tripdata_2017-02.parquet
2,2017-02-02 10:46:41,2017-02-02 10:53:35,N,1,127,200,2,2.84,10.0,0.0,0.5,0.0,2.54,,0.3,13.34,2,1,,green_tripdata_2017-02.parquet
2,2017-02-07 08:59:16,2017-02-07 09:11:28,N,1,152,200,2,6.58,19.0,0.0,0.5,0.0,2.54,,0.3,22.34,2,1,,green_tripdata_2017-02.parquet
2,2017-02-23 09:48:31,2017-02-23 10:05:14,N,1,166,200,2,7.38,23.0,0.0,0.5,0.0,2.54,,0.3,26.34,2,1,,green_tripdata_2017-02.parquet
2,2017-02-25 19:23:21,2017-02-25 19:50:46,N,1,74,200,2,8.94,27.5,0.0,0.5,0.0,2.54,,0.3,30.84,2,1,,green_tripdata_2017-02.parquet
2,2017-02-27 08:01:14,2017-02-27 08:18:57,N,1,116,200,2,7.07,22.5,0.0,0.5,0.0,2.54,,0.3,25.84,2,1,,green_tripdata_2017-02.parquet
2,2017-03-05 16:37:13,2017-03-05 17:00:03,N,1,243,265,2,6.97,23.5,0.0,0.5,0.0,2.54,,0.3,26.84,2,1,,green_tripdata_2017-03.parquet
2,2017-01-02 18:45:05,2017-01-02 19:15:04,N,1,41,265,2,13.08,37.5,0.0,0.5,0.0,2.54,,0.3,40.84,2,1,,green_tripdata_2017-01.parquet
2,2017-01-27 15:15:48,2017-01-27 15:53:18,N,1,74,265,2,12.57,39.0,0.0,0.5,0.0,2.54,,0.3,42.34,2,1,,green_tripdata_2017-01.parquet
1,2017-02-18 18:38:43,2017-02-18 18:53:48,N,1,200,127,2,3.9,14.5,0.0,0.5,0.0,2.54,,0.3,17.84,2,1,,green_tripdata_2017-02.parquet
2,2017-02-26 16:37:10,2017-02-27 16:31:17,N,1,18,116,2,20.47,59.0,0.0,0.5,0.0,2.54,,0.3,62.34,2,1,,green_tripdata_2017-02.parquet
1,2017-04-02 13:13:27,2017-04-02 13:44:50,N,1,14,172,2,8.6,30.0,0.0,0.5,0.0,11.52,,0.3,42.32,2,1,,green_tripdata_2017-04.parquet
2,2017-04-11 11:19:53,2017-04-11 12:13:02,N,1,92,138,2,17.58,55.5,0.0,0.5,0.0,11.52,,0.3,67.82,2,1,,green_tripdata_2017-04.parquet
1,2017-05-04 15:37:37,2017-05-04 16:24:07,N,1,173,194,2,8.4,31.5,0.0,0.5,0.0,11.52,,0.3,43.82,2,1,,green_tripdata_2017-05.parquet
1,2017-05-14 17:18:14,2017-05-14 17:18:14,N,1,127,264,2,0.0,40.5,0.0,0.5,0.0,11.52,,0.3,52.82,2,1,,green_tripdata_2017-05.parquet
1,2017-06-09 11:38:20,2017-06-09 12:04:13,N,1,129,127,2,10.2,30.5,0.0,0.5,0.0,11.52,,0.3,42.82,2,1,,green_tripdata_2017-06.parquet
2,2017-06-12 11:10:03,2017-06-12 12:18:23,N,1,181,25,2,35.07,95.5,0.0,0.5,0.0,11.52,,0.3,107.82,2,1,,green_tripdata_2017-06.parquet
2,2017-06-14 15:19:21,2017-06-14 15:40:17,N,1,14,115,2,4.53,17.0,0.0,0.5,0.0,11.52,,0.3,29.32,2,1,,green_tripdata_2017-06.parquet
1,2017-06-30 14:49:22,2017-06-30 16:08:28,N,1,166,206,2,22.6,69.0,0.0,0.5,0.0,11.52,,0.3,81.32,2,1,,green_tripdata_2017-06.parquet
2,2017-10-07 11:27:24,2017-10-07 12:06:24,N,1,130,126,2,16.24,46.0,0.0,0.5,0.0,11.52,,0.3,58.32,2,1,,green_tripdata_2017-10.parquet
1,2017-10-09 15:08:42,2017-10-09 15:36:33,N,1,74,134,2,12.2,35.0,0.0,0.5,0.0,11.52,,0.3,47.32,2,1,,green_tripdata_2017-10.parquet
1,2017-10-17 07:21:30,2017-10-17 08:20:11,N,1,129,118,2,24.7,70.0,0.0,0.5,0.0,11.52,,0.3,82.32,2,1,,green_tripdata_2017-10.parquet
2,2017-07-19 14:19:57,2017-07-19 15:08:52,N,1,55,265,2,20.16,56.0,0.0,0.5,0.0,11.52,,0.3,68.32,2,1,,green_tripdata_2017-07.parquet
1,2017-07-26 11:07:32,2017-07-26 11:35:51,N,1,210,187,2,13.6,39.5,0.0,0.5,0.0,11.52,,0.3,51.82,2,1,,green_tripdata_2017-07.parquet
1,2017-07-31 13:52:08,2017-07-31 14:35:06,N,1,55,172,2,12.8,41.0,0.0,0.5,0.0,11.52,,0.3,53.32,2,1,,green_tripdata_2017-07.parquet
1,2017-12-13 07:59:46,2017-12-13 08:08:56,N,1,14,221,2,3.9,12.5,0.0,0.5,0.0,11.52,,0.3,24.82,2,1,,green_tripdata_2017-12.parquet
2,2017-09-02 12:55:01,2017-09-02 13:25:16,N,1,25,172,2,14.08,40.5,0.0,0.5,0.0,11.52,,0.3,52.82,2,1,,green_tripdata_2017-09.parquet
1,2017-09-03 18:22:09,2017-09-03 18:32:31,N,1,223,194,2,3.5,13.0,0.0,0.5,0.0,11.52,,0.3,25.32,2,1,,green_tripdata_2017-09.parquet
1,2017-09-15 15:39:08,2017-09-15 16:35:01,N,1,42,56,2,11.0,39.0,0.0,0.5,0.0,11.52,,0.3,51.32,2,1,,green_tripdata_2017-09.parquet
1,2017-09-25 14:39:31,2017-09-25 15:33:23,N,1,75,187,2,23.7,67.0,0.0,0.5,0.0,11.52,,0.3,79.32,2,1,,green_tripdata_2017-09.parquet
2,2017-11-30 08:29:47,2017-11-30 09:06:01,N,1,66,109,2,22.81,61.5,0.0,0.5,0.0,11.52,,0.3,73.82,2,1,,green_tripdata_2017-11.parquet
2,2017-04-16 11:33:29,2017-04-16 12:23:16,N,1,189,1,2,17.35,53.0,0.0,0.5,0.0,12.5,,0.3,66.3,2,1,,green_tripdata_2017-04.parquet
2,2017-04-18 08:47:07,2017-04-18 09:40:19,N,1,265,163,2,7.68,36.0,0.0,0.5,0.0,12.5,,0.3,49.3,2,1,,green_tripdata_2017-04.parquet
1,2017-05-24 06:16:55,2017-05-24 07:30:04,N,1,83,265,2,18.4,62.0,0.0,0.5,0.0,12.5,,0.3,75.3,2,1,,green_tripdata_2017-05.parquet
1,2017-06-03 12:14:04,2017-06-03 12:54:05,Y,1,66,265,2,18.5,50.0,0.0,0.5,0.0,12.5,,0.3,63.3,2,1,,green_tripdata_2017-06.parquet
1,2017-06-24 12:03:59,2017-06-24 12:33:16,N,1,75,265,2,9.2,31.0,0.0,0.5,0.0,12.5,,0.3,44.3,2,1,,green_tripdata_2017-06.parquet
2,2017-10-22 15:06:46,2017-10-22 15:25:14,N,1,41,265,2,5.57,19.0,0.0,0.5,0.0,12.5,,0.3,32.3,2,1,,green_tripdata_2017-10.parquet
1,2017-12-19 09:20:36,2017-12-19 09:36:04,N,1,152,265,2,5.4,18.0,0.0,0.5,0.0,12.5,,0.3,31.3,2,1,,green_tripdata_2017-12.parquet
1,2017-09-26 06:49:19,2017-09-26 07:26:35,N,1,75,265,2,27.7,72.0,0.0,0.5,0.0,12.5,,0.3,85.3,2,1,,green_tripdata_2017-09.parquet
2,2017-11-18 15:33:25,2017-11-18 16:29:52,N,1,41,1,2,27.69,74.0,0.0,0.5,0.0,12.5,,0.3,87.3,2,1,,green_tripdata_2017-11.parquet
2,2017-11-18 17:19:31,2017-11-18 17:56:13,N,1,33,164,2,6.29,26.0,0.0,0.5,0.0,12.5,,0.3,39.3,2,1,,green_tripdata_2017-11.parquet
2,2017-04-24 10:20:46,2017-04-24 10:46:30,N,1,134,201,2,12.14,34.5,0.0,0.5,0.0,2.16,,0.3,37.46,2,1,,green_tripdata_2017-04.parquet
2,2017-06-04 13:02:19,2017-06-04 13:39:48,N,1,130,201,2,13.02,39.5,0.0,0.5,0.0,2.16,,0.3,42.46,2,1,,green_tripdata_2017-06.parquet
1,2017-10-02 13:46:21,2017-10-02 14:46:43,N,1,83,117,2,17.2,55.5,0.0,0.5,0.0,2.16,,0.3,58.46,2,1,,green_tripdata_2017-10.parquet
2,2017-07-01 16:57:48,2017-07-01 17:44:08,N,1,145,27,2,20.6,59.0,0.0,0.5,0.0,2.16,,0.3,61.96,2,1,,green_tripdata_2017-07.parquet
2,2017-07-16 11:57:55,2017-07-16 13:01:43,N,1,260,201,2,13.82,52.0,0.0,0.5,0.0,2.16,,0.3,54.96,2,1,,green_tripdata_2017-07.parquet
2,2017-12-19 14:46:42,2017-12-19 16:22:13,N,1,72,35,2,26.81,87.0,0.0,0.5,0.0,2.16,,0.3,93.86,2,1,,green_tripdata_2017-12.parquet
2,2017-09-04 10:08:08,2017-09-04 10:32:35,N,1,130,201,2,13.05,36.5,0.0,0.5,0.0,2.16,,0.3,39.46,2,1,,green_tripdata_2017-09.parquet
1,2017-09-05 11:02:43,2017-09-05 11:48:48,N,1,226,117,2,18.8,53.5,0.0,0.5,0.0,2.16,,0.3,56.46,2,1,,green_tripdata_2017-09.parquet
2,2017-09-10 11:29:53,2017-09-10 12:12:32,N,1,215,117,2,12.2,37.0,0.0,0.5,0.0,2.16,,0.3,39.96,2,1,,green_tripdata_2017-09.parquet
2,2017-11-22 10:00:40,2017-11-22 10:48:21,N,1,92,117,2,17.74,52.5,0.0,0.5,0.0,2.16,,0.3,55.46,2,1,,green_tripdata_2017-11.parquet
1,2017-03-11 14:07:16,2017-03-11 14:09:00,N,1,145,145,2,0.0,3.0,0.0,0.5,0.0,25.0,,0.3,28.8,2,1,,green_tripdata_2017-03.parquet
1,2017-03-16 15:12:54,2017-03-16 16:19:31,N,1,146,226,2,12.9,50.0,0.0,0.5,0.0,15.0,,0.3,65.8,2,1,,green_tripdata_2017-03.parquet
1,2017-03-26 19:51:04,2017-03-26 20:17:50,N,1,196,185,2,12.3,34.5,0.0,0.5,0.0,8.0,,0.3,43.3,2,1,,green_tripdata_2017-03.parquet
1,2017-04-08 13:56:23,2017-04-08 13:56:23,N,1,129,264,2,0.0,12.0,0.0,0.5,0.0,0.12,,0.3,12.92,2,1,,green_tripdata_2017-04.parquet
1,2017-04-09 15:50:50,2017-04-09 16:05:50,N,1,81,31,2,3.2,13.5,0.0,0.5,0.0,10.0,,0.3,24.3,2,1,,green_tripdata_2017-04.parquet
1,2017-04-19 13:48:20,2017-04-19 14:43:06,N,1,174,233,2,14.6,49.0,0.0,0.5,0.0,15.76,,0.3,65.56,2,1,,green_tripdata_2017-04.parquet
1,2017-04-20 12:39:26,2017-04-20 12:54:07,N,1,242,183,2,2.3,12.0,0.0,0.5,0.0,5.0,,0.3,17.8,2,1,,green_tripdata_2017-04.parquet
1,2017-05-12 15:59:51,2017-05-12 17:57:23,N,1,42,1,2,22.8,92.5,0.0,0.5,0.0,25.0,,0.3,118.3,2,1,,green_tripdata_2017-05.parquet
1,2017-05-09 14:46:23,2017-05-09 14:47:26,N,1,126,126,2,0.0,2.5,0.0,0.5,0.0,1.11,,0.3,4.41,2,1,,green_tripdata_2017-05.parquet
1,2017-05-12 11:27:09,2017-05-12 12:27:00,N,1,75,37,2,11.3,47.0,0.0,0.5,0.0,5.85,,0.3,53.65,2,1,,green_tripdata_2017-05.parquet
1,2017-05-24 06:30:11,2017-05-24 07:18:38,N,1,244,55,2,23.6,65.5,0.0,0.5,0.0,0.09,,0.3,66.39,2,1,,green_tripdata_2017-05.parquet
1,2017-05-30 10:19:50,2017-05-30 11:33:43,N,1,212,161,2,11.6,49.5,0.0,0.5,0.0,6.0,,0.3,56.3,2,1,,green_tripdata_2017-05.parquet
1,2017-01-05 12:12:49,2017-01-05 13:16:17,N,1,250,78,2,18.4,62.5,0.0,0.5,0.0,11.08,,0.3,74.38,2,1,,green_tripdata_2017-01.parquet
1,2017-02-16 10:35:06,2017-02-16 11:39:43,N,1,264,1,2,32.3,89.0,0.0,0.5,0.0,21.58,,0.3,111.38,2,1,,green_tripdata_2017-02.parquet
1,2017-02-04 09:16:20,2017-02-04 09:27:38,N,1,173,129,2,1.7,9.5,0.0,0.5,0.0,0.05,,0.3,10.35,2,1,,green_tripdata_2017-02.parquet
1,2017-02-05 15:34:15,2017-02-05 15:51:17,N,1,196,233,2,7.4,23.0,0.0,0.5,0.0,5.55,,0.3,29.35,2,1,,green_tripdata_2017-02.parquet
1,2017-02-08 10:26:40,2017-02-08 10:27:27,N,1,126,126,2,0.0,2.5,0.0,0.5,0.0,8.0,,0.3,11.3,2,1,,green_tripdata_2017-02.parquet
1,2017-02-28 12:25:01,2017-02-28 13:42:04,N,1,145,145,2,8.7,47.5,0.0,0.5,0.0,11.08,,0.3,59.38,2,1,,green_tripdata_2017-02.parquet
1,2017-06-02 11:52:46,2017-06-02 12:11:16,N,1,182,78,2,2.0,13.0,0.0,0.5,0.0,2.0,,0.3,15.8,2,1,,green_tripdata_2017-06.parquet
1,2017-10-18 15:37:08,2017-10-18 15:41:54,N,1,83,129,2,0.7,5.0,0.0,0.5,0.0,1.0,,0.3,6.8,2,1,,green_tripdata_2017-10.parquet
1,2017-10-21 15:31:38,2017-10-21 15:50:13,N,1,196,130,2,4.3,16.5,0.0,0.5,0.0,2.0,,0.3,19.3,2,1,,green_tripdata_2017-10.parquet
1,2017-10-22 15:50:08,2017-10-22 16:17:57,N,1,196,68,2,8.8,29.0,0.0,0.5,0.0,6.76,,0.3,36.56,2,1,,green_tripdata_2017-10.parquet
1,2017-10-25 09:47:04,2017-10-25 10:16:46,N,1,95,170,2,7.5,26.5,0.0,0.5,0.0,11.3,,0.3,38.6,2,1,,green_tripdata_2017-10.parquet
1,2017-10-31 08:44:24,2017-10-31 09:36:22,N,1,159,265,2,27.6,79.0,0.0,0.5,0.0,25.0,,0.3,104.8,2,1,,green_tripdata_2017-10.parquet
1,2017-07-02 12:29:25,2017-07-02 13:04:39,N,1,216,117,2,9.4,31.5,0.0,0.5,0.0,4.32,,0.3,36.62,2,1,,green_tripdata_2017-07.parquet
1,2017-07-09 06:22:04,2017-07-09 06:57:45,N,1,129,265,2,23.2,62.5,0.0,0.5,0.0,16.26,,0.3,79.56,2,1,,green_tripdata_2017-07.parquet
1,2017-07-11 13:06:13,2017-07-11 13:35:17,N,1,130,170,2,11.6,36.0,0.0,0.5,0.0,8.5,,0.3,45.3,2,1,,green_tripdata_2017-07.parquet
1,2017-07-16 15:05:32,2017-07-16 15:34:45,N,1,195,50,2,7.5,26.5,0.0,0.5,0.0,8.0,,0.3,35.3,2,1,,green_tripdata_2017-07.parquet
1,2017-07-22 17:42:57,2017-07-22 17:54:58,N,1,260,112,2,3.4,12.5,0.0,0.5,0.0,1.0,,0.3,14.3,2,1,,green_tripdata_2017-07.parquet
1,2017-07-28 10:59:29,2017-07-28 11:37:59,N,1,37,26,2,7.3,28.5,0.0,0.5,0.0,5.75,,0.3,35.05,2,1,,green_tripdata_2017-07.parquet
1,2017-07-29 18:17:26,2017-07-29 18:59:01,N,1,210,249,2,15.8,46.5,0.0,0.5,0.0,7.5,,0.3,54.8,2,1,,green_tripdata_2017-07.parquet
1,2017-12-05 14:56:04,2017-12-05 15:31:09,N,1,75,157,2,9.2,31.0,0.0,0.5,0.0,5.75,,0.3,37.55,2,1,,green_tripdata_2017-12.parquet
1,2017-12-11 12:22:17,2017-12-11 12:30:55,N,1,47,169,2,0.8,7.0,0.0,0.5,0.0,6.07,,0.3,13.87,2,1,,green_tripdata_2017-12.parquet
1,2017-12-23 12:34:35,2017-12-23 13:02:37,N,1,112,68,2,4.5,21.0,0.0,0.5,0.0,101.52,,0.3,123.32,2,1,,green_tripdata_2017-12.parquet
1,2017-09-20 12:23:22,2017-09-20 13:00:48,N,1,195,1,2,21.4,58.0,0.0,0.5,0.0,32.0,,0.3,90.8,2,1,,green_tripdata_2017-09.parquet
1,2017-11-17 11:31:44,2017-11-17 11:33:16,N,1,145,145,2,1.0,3.0,0.0,0.5,0.0,0.14,,0.3,3.94,2,1,,green_tripdata_2017-11.parquet
2,2017-03-17 08:26:15,2017-03-17 09:17:50,N,1,108,109,2,19.06,57.5,0.0,0.5,0.0,11.08,,0.3,69.38,2,1,,green_tripdata_2017-03.parquet
2,2017-03-22 14:59:08,2017-03-22 16:31:00,N,1,216,265,2,22.76,75.5,0.0,0.5,0.0,18.26,,0.3,94.56,2,1,,green_tripdata_2017-03.parquet
2,2017-05-31 12:25:44,2017-05-31 12:41:15,N,1,95,82,2,2.34,12.5,0.0,0.5,0.0,6.0,,0.3,19.3,2,1,,green_tripdata_2017-05.parquet
2,2017-01-07 13:48:02,2017-01-07 14:59:56,N,1,65,201,2,14.08,51.5,0.0,0.5,0.0,2.08,,0.3,54.38,2,1,,green_tripdata_2017-01.parquet
2,2017-01-16 06:00:27,2017-01-16 06:21:01,N,1,117,196,2,11.22,31.0,0.0,0.5,0.0,2.08,,0.3,33.88,2,1,,green_tripdata_2017-01.parquet
2,2017-01-20 08:48:47,2017-01-20 09:38:12,N,1,117,97,2,15.04,48.0,0.0,0.5,0.0,2.08,,0.3,50.88,2,1,,green_tripdata_2017-01.parquet
2,2017-01-22 11:08:46,2017-01-22 11:35:04,N,1,130,201,2,12.85,37.0,0.0,0.5,0.0,2.08,,0.3,39.88,2,1,,green_tripdata_2017-01.parquet
2,2017-01-16 06:29:55,2017-01-16 07:06:26,N,1,182,60,2,18.95,51.5,0.0,0.5,0.0,11.08,,0.3,63.38,2,1,,green_tripdata_2017-01.parquet
2,2017-02-11 19:28:00,2017-02-11 20:06:28,N,1,33,187,2,14.74,43.5,0.0,0.5,0.0,11.08,,0.3,55.38,2,1,,green_tripdata_2017-02.parquet
2,2017-02-14 11:28:56,2017-02-14 11:48:52,N,1,247,220,2,4.69,16.0,0.0,0.5,0.0,34.8,,0.3,51.6,2,1,,green_tripdata_2017-02.parquet
2,2017-02-16 15:19:42,2017-02-16 15:27:05,N,1,92,92,2,0.83,6.0,0.0,0.5,0.0,2.0,,0.3,8.8,2,1,,green_tripdata_2017-02.parquet
2,2017-02-18 11:04:38,2017-02-18 11:44:43,N,1,181,201,2,20.37,58.0,0.0,0.5,0.0,2.08,,0.3,60.88,2,1,,green_tripdata_2017-02.parquet
2,2017-02-24 14:48:52,2017-02-24 15:12:35,N,1,146,93,2,9.76,28.5,0.0,0.5,0.0,1.0,,0.3,30.3,2,1,,green_tripdata_2017-02.parquet
2,2017-02-25 06:23:05,2017-02-25 07:01:22,N,1,255,201,2,25.95,68.5,0.0,0.5,0.0,2.08,,0.3,71.38,2,1,,green_tripdata_2017-02.parquet
2,2017-10-01 12:19:05,2017-10-01 12:41:58,N,1,260,194,2,6.14,20.5,0.0,0.5,0.0,8.5,,0.3,29.8,2,1,,green_tripdata_2017-10.parquet
2,2017-10-27 09:10:11,2017-10-27 09:37:13,N,1,129,41,2,6.04,21.5,0.0,0.5,0.0,8.5,,0.3,30.8,2,1,,green_tripdata_2017-10.parquet
2,2017-07-10 13:01:16,2017-07-10 13:10:54,N,1,130,258,2,2.58,10.0,0.0,0.5,0.0,5.0,,0.3,15.8,2,1,,green_tripdata_2017-07.parquet
